file,line,type,commit,author,date,time,timezone,datetime,depth,length
style.css,1,css,8c3c18a0,trt005,2025-10-16,21:59:41,-07:00,2025-10-16T21:59:41-07:00,0,5
style.css,2,css,e63fee01,trt005,2025-10-31,15:37:13,-07:00,2025-10-31T15:37:13-07:00,2,18
style.css,3,css,8c3c18a0,trt005,2025-10-16,21:59:41,-07:00,2025-10-16T21:59:41-07:00,0,0
style.css,4,css,8c3c18a0,trt005,2025-10-16,21:59:41,-07:00,2025-10-16T21:59:41-07:00,2,21
style.css,5,css,e63fee01,trt005,2025-10-31,15:37:13,-07:00,2025-10-31T15:37:13-07:00,2,18
style.css,6,css,8c3c18a0,trt005,2025-10-16,21:59:41,-07:00,2025-10-16T21:59:41-07:00,2,20
style.css,7,css,cdaf6084,trt005,2025-10-16,17:38:49,-07:00,2025-10-16T17:38:49-07:00,2,34
style.css,8,css,8c3c18a0,trt005,2025-10-16,21:59:41,-07:00,2025-10-16T21:59:41-07:00,2,34
style.css,9,css,8c3c18a0,trt005,2025-10-16,21:59:41,-07:00,2025-10-16T21:59:41-07:00,0,0
style.css,10,css,8c3c18a0,trt005,2025-10-16,21:59:41,-07:00,2025-10-16T21:59:41-07:00,0,0
style.css,11,css,8c3c18a0,trt005,2025-10-16,21:59:41,-07:00,2025-10-16T21:59:41-07:00,0,35
style.css,12,css,8c3c18a0,trt005,2025-10-16,21:59:41,-07:00,2025-10-16T21:59:41-07:00,2,5
style.css,13,css,8c3c18a0,trt005,2025-10-16,21:59:41,-07:00,2025-10-16T21:59:41-07:00,4,20
style.css,14,css,e63fee01,trt005,2025-10-31,15:37:13,-07:00,2025-10-31T15:37:13-07:00,4,20
style.css,15,css,8c3c18a0,trt005,2025-10-16,21:59:41,-07:00,2025-10-16T21:59:41-07:00,4,34
style.css,16,css,8c3c18a0,trt005,2025-10-16,21:59:41,-07:00,2025-10-16T21:59:41-07:00,4,34
style.css,17,css,8c3c18a0,trt005,2025-10-16,21:59:41,-07:00,2025-10-16T21:59:41-07:00,2,0
style.css,18,css,8c3c18a0,trt005,2025-10-16,21:59:41,-07:00,2025-10-16T21:59:41-07:00,0,0
style.css,19,css,8c3c18a0,trt005,2025-10-16,21:59:41,-07:00,2025-10-16T21:59:41-07:00,0,4
style.css,20,css,8c3c18a0,trt005,2025-10-16,21:59:41,-07:00,2025-10-16T21:59:41-07:00,2,33
style.css,21,css,8c3c18a0,trt005,2025-10-16,21:59:41,-07:00,2025-10-16T21:59:41-07:00,2,22
style.css,22,css,6cee39b8,trt005,2025-10-09,16:00:11,-07:00,2025-10-09T16:00:11-07:00,2,32
style.css,23,css,6cee39b8,trt005,2025-10-09,16:00:11,-07:00,2025-10-09T16:00:11-07:00,0,0
style.css,24,css,6cee39b8,trt005,2025-10-09,16:00:11,-07:00,2025-10-09T16:00:11-07:00,0,0
style.css,25,css,f278e9fe,trt005,2025-10-30,14:21:05,-07:00,2025-10-30T14:21:05-07:00,0,18
style.css,26,css,d3b7d0ac,trt005,2025-10-30,21:56:57,-07:00,2025-10-30T21:56:57-07:00,2,10
style.css,27,css,d3b7d0ac,trt005,2025-10-30,21:56:57,-07:00,2025-10-30T21:56:57-07:00,2,14
style.css,28,css,d3b7d0ac,trt005,2025-10-30,21:56:57,-07:00,2025-10-30T21:56:57-07:00,2,13
style.css,29,css,d3b7d0ac,trt005,2025-10-30,21:56:57,-07:00,2025-10-30T21:56:57-07:00,2,16
style.css,30,css,d3b7d0ac,trt005,2025-10-30,21:56:57,-07:00,2025-10-30T21:56:57-07:00,2,13
style.css,31,css,d3b7d0ac,trt005,2025-10-30,21:56:57,-07:00,2025-10-30T21:56:57-07:00,2,21
style.css,32,css,d3b7d0ac,trt005,2025-10-30,21:56:57,-07:00,2025-10-30T21:56:57-07:00,2,18
style.css,33,css,d3b7d0ac,trt005,2025-10-30,21:56:57,-07:00,2025-10-30T21:56:57-07:00,2,16
style.css,34,css,f8f97b55,trt005,2025-10-30,14:13:07,-07:00,2025-10-30T14:13:07-07:00,0,0
style.css,35,css,f8f97b55,trt005,2025-10-30,14:13:07,-07:00,2025-10-30T14:13:07-07:00,0,0
style.css,36,css,f0e6bebe,trt005,2025-10-31,00:40:07,-07:00,2025-10-31T00:40:07-07:00,0,23
style.css,37,css,f0e6bebe,trt005,2025-10-31,00:40:07,-07:00,2025-10-31T00:40:07-07:00,1,29
style.css,38,css,f0e6bebe,trt005,2025-10-31,00:40:07,-07:00,2025-10-31T00:40:07-07:00,1,14
style.css,39,css,f0e6bebe,trt005,2025-10-31,00:40:07,-07:00,2025-10-31T00:40:07-07:00,0,0
style.css,40,css,f0e6bebe,trt005,2025-10-31,00:40:07,-07:00,2025-10-31T00:40:07-07:00,0,0
style.css,41,css,f0e6bebe,trt005,2025-10-31,00:40:07,-07:00,2025-10-31T00:40:07-07:00,0,41
style.css,42,css,f0e6bebe,trt005,2025-10-31,00:40:07,-07:00,2025-10-31T00:40:07-07:00,1,11
style.css,43,css,f0e6bebe,trt005,2025-10-31,00:40:07,-07:00,2025-10-31T00:40:07-07:00,0,0
style.css,44,css,f0e6bebe,trt005,2025-10-31,00:40:07,-07:00,2025-10-31T00:40:07-07:00,0,0
style.css,45,css,f0e6bebe,trt005,2025-10-31,00:40:07,-07:00,2025-10-31T00:40:07-07:00,0,29
style.css,46,css,f0e6bebe,trt005,2025-10-31,00:40:07,-07:00,2025-10-31T00:40:07-07:00,1,9
style.css,47,css,f0e6bebe,trt005,2025-10-31,00:40:07,-07:00,2025-10-31T00:40:07-07:00,0,0
style.css,48,css,f0e6bebe,trt005,2025-10-31,00:40:07,-07:00,2025-10-31T00:40:07-07:00,0,0
style.css,49,css,9cd7b474,trt005,2025-10-31,14:42:52,-07:00,2025-10-31T14:42:52-07:00,0,9
style.css,50,css,e63fee01,trt005,2025-10-31,15:37:13,-07:00,2025-10-31T15:37:13-07:00,2,49
style.css,51,css,9cd7b474,trt005,2025-10-31,14:42:52,-07:00,2025-10-31T14:42:52-07:00,0,0
style.css,52,css,9cd7b474,trt005,2025-10-31,14:42:52,-07:00,2025-10-31T14:42:52-07:00,0,0
style.css,53,css,9cd7b474,trt005,2025-10-31,14:42:52,-07:00,2025-10-31T14:42:52-07:00,0,18
style.css,54,css,9cd7b474,trt005,2025-10-31,14:42:52,-07:00,2025-10-31T14:42:52-07:00,2,17
style.css,55,css,9cd7b474,trt005,2025-10-31,14:42:52,-07:00,2025-10-31T14:42:52-07:00,0,0
style.css,56,css,9cd7b474,trt005,2025-10-31,14:42:52,-07:00,2025-10-31T14:42:52-07:00,0,0
style.css,57,css,9cd7b474,trt005,2025-10-31,14:42:52,-07:00,2025-10-31T14:42:52-07:00,0,4
style.css,58,css,9cd7b474,trt005,2025-10-31,14:42:52,-07:00,2025-10-31T14:42:52-07:00,2,14
style.css,59,css,9cd7b474,trt005,2025-10-31,14:42:52,-07:00,2025-10-31T14:42:52-07:00,2,16
style.css,60,css,9cd7b474,trt005,2025-10-31,14:42:52,-07:00,2025-10-31T14:42:52-07:00,0,0
style.css,61,css,9cd7b474,trt005,2025-10-31,14:42:52,-07:00,2025-10-31T14:42:52-07:00,0,0
style.css,62,css,9cd7b474,trt005,2025-10-31,14:42:52,-07:00,2025-10-31T14:42:52-07:00,0,36
style.css,63,css,9cd7b474,trt005,2025-10-31,14:42:52,-07:00,2025-10-31T14:42:52-07:00,2,11
style.css,64,css,9cd7b474,trt005,2025-10-31,14:42:52,-07:00,2025-10-31T14:42:52-07:00,0,0
style.css,65,css,9cd7b474,trt005,2025-10-31,14:42:52,-07:00,2025-10-31T14:42:52-07:00,0,0
style.css,66,css,2a1d1b9b,trt005,2025-10-30,19:02:55,-07:00,2025-10-30T19:02:55-07:00,0,10
style.css,67,css,2a1d1b9b,trt005,2025-10-30,19:02:55,-07:00,2025-10-30T19:02:55-07:00,1,12
style.css,68,css,6a2b0ad8,trt005,2025-10-30,21:46:59,-07:00,2025-10-30T21:46:59-07:00,1,6
style.css,69,css,abd2612a,trt005,2025-10-30,20:33:43,-07:00,2025-10-30T20:33:43-07:00,1,22
style.css,70,css,6a2b0ad8,trt005,2025-10-30,21:46:59,-07:00,2025-10-30T21:46:59-07:00,1,8
style.css,71,css,2a1d1b9b,trt005,2025-10-30,19:02:55,-07:00,2025-10-30T19:02:55-07:00,0,0
style.css,72,css,2a1d1b9b,trt005,2025-10-30,19:02:55,-07:00,2025-10-30T19:02:55-07:00,0,0
style.css,73,css,2a1d1b9b,trt005,2025-10-30,19:02:55,-07:00,2025-10-30T19:02:55-07:00,0,7
style.css,74,css,eca1f0dd,trt005,2025-10-30,21:25:05,-07:00,2025-10-30T21:25:05-07:00,1,12
style.css,75,css,eca1f0dd,trt005,2025-10-30,21:25:05,-07:00,2025-10-30T21:25:05-07:00,1,57
style.css,76,css,9607539f,trt005,2025-10-30,21:10:57,-07:00,2025-10-30T21:10:57-07:00,1,8
style.css,77,css,eca1f0dd,trt005,2025-10-30,21:25:05,-07:00,2025-10-30T21:25:05-07:00,1,6
style.css,78,css,9607539f,trt005,2025-10-30,21:10:57,-07:00,2025-10-30T21:10:57-07:00,1,13
style.css,79,css,73c6486c,trt005,2025-10-30,21:15:49,-07:00,2025-10-30T21:15:49-07:00,1,65
style.css,80,css,2a1d1b9b,trt005,2025-10-30,19:02:55,-07:00,2025-10-30T19:02:55-07:00,1,17
style.css,81,css,2a1d1b9b,trt005,2025-10-30,19:02:55,-07:00,2025-10-30T19:02:55-07:00,0,0
style.css,82,css,2a1d1b9b,trt005,2025-10-30,19:02:55,-07:00,2025-10-30T19:02:55-07:00,0,0
style.css,83,css,2a1d1b9b,trt005,2025-10-30,19:02:55,-07:00,2025-10-30T19:02:55-07:00,0,10
style.css,84,css,2a1d1b9b,trt005,2025-10-30,19:02:55,-07:00,2025-10-30T19:02:55-07:00,1,12
style.css,85,css,2a1d1b9b,trt005,2025-10-30,19:02:55,-07:00,2025-10-30T19:02:55-07:00,1,18
style.css,86,css,2a1d1b9b,trt005,2025-10-30,19:02:55,-07:00,2025-10-30T19:02:55-07:00,1,10
style.css,87,css,2a1d1b9b,trt005,2025-10-30,19:02:55,-07:00,2025-10-30T19:02:55-07:00,1,14
style.css,88,css,67cf4190,trt005,2025-10-30,20:43:20,-07:00,2025-10-30T20:43:20-07:00,1,13
style.css,89,css,2a1d1b9b,trt005,2025-10-30,19:02:55,-07:00,2025-10-30T19:02:55-07:00,0,0
style.css,90,css,2a1d1b9b,trt005,2025-10-30,19:02:55,-07:00,2025-10-30T19:02:55-07:00,0,0
style.css,91,css,2a1d1b9b,trt005,2025-10-30,19:02:55,-07:00,2025-10-30T19:02:55-07:00,0,18
style.css,92,css,2a1d1b9b,trt005,2025-10-30,19:02:55,-07:00,2025-10-30T19:02:55-07:00,1,20
style.css,93,css,2a1d1b9b,trt005,2025-10-30,19:02:55,-07:00,2025-10-30T19:02:55-07:00,1,10
style.css,94,css,2a1d1b9b,trt005,2025-10-30,19:02:55,-07:00,2025-10-30T19:02:55-07:00,1,11
style.css,95,css,2a1d1b9b,trt005,2025-10-30,19:02:55,-07:00,2025-10-30T19:02:55-07:00,1,17
style.css,96,css,abd2612a,trt005,2025-10-30,20:33:43,-07:00,2025-10-30T20:33:43-07:00,1,29
style.css,97,css,2a1d1b9b,trt005,2025-10-30,19:02:55,-07:00,2025-10-30T19:02:55-07:00,0,0
style.css,98,css,2a1d1b9b,trt005,2025-10-30,19:02:55,-07:00,2025-10-30T19:02:55-07:00,0,0
style.css,99,css,e63fee01,trt005,2025-10-31,15:37:13,-07:00,2025-10-31T15:37:13-07:00,0,23
style.css,100,css,e63fee01,trt005,2025-10-31,15:37:13,-07:00,2025-10-31T15:37:13-07:00,2,12
style.css,101,css,e63fee01,trt005,2025-10-31,15:37:13,-07:00,2025-10-31T15:37:13-07:00,2,21
style.css,102,css,e63fee01,trt005,2025-10-31,15:37:13,-07:00,2025-10-31T15:37:13-07:00,2,11
style.css,103,css,e63fee01,trt005,2025-10-31,15:37:13,-07:00,2025-10-31T15:37:13-07:00,0,0
style.css,104,css,e63fee01,trt005,2025-10-31,15:37:13,-07:00,2025-10-31T15:37:13-07:00,0,0
style.css,105,css,e63fee01,trt005,2025-10-31,15:37:13,-07:00,2025-10-31T15:37:13-07:00,0,18
style.css,106,css,e63fee01,trt005,2025-10-31,15:37:13,-07:00,2025-10-31T15:37:13-07:00,0,20
style.css,107,css,e63fee01,trt005,2025-10-31,15:37:13,-07:00,2025-10-31T15:37:13-07:00,1,19
style.css,108,css,e63fee01,trt005,2025-10-31,15:37:13,-07:00,2025-10-31T15:37:13-07:00,1,27
style.css,109,css,e63fee01,trt005,2025-10-31,15:37:13,-07:00,2025-10-31T15:37:13-07:00,1,15
style.css,110,css,e63fee01,trt005,2025-10-31,15:37:13,-07:00,2025-10-31T15:37:13-07:00,1,22
style.css,111,css,e63fee01,trt005,2025-10-31,15:37:13,-07:00,2025-10-31T15:37:13-07:00,1,65
style.css,112,css,e63fee01,trt005,2025-10-31,15:37:13,-07:00,2025-10-31T15:37:13-07:00,1,14
style.css,113,css,e63fee01,trt005,2025-10-31,15:37:13,-07:00,2025-10-31T15:37:13-07:00,1,17
style.css,114,css,e63fee01,trt005,2025-10-31,15:37:13,-07:00,2025-10-31T15:37:13-07:00,0,0
style.css,115,css,e63fee01,trt005,2025-10-31,15:37:13,-07:00,2025-10-31T15:37:13-07:00,0,0
style.css,116,css,e63fee01,trt005,2025-10-31,15:37:13,-07:00,2025-10-31T15:37:13-07:00,0,31
style.css,117,css,e63fee01,trt005,2025-10-31,15:37:13,-07:00,2025-10-31T15:37:13-07:00,2,6
style.css,118,css,e63fee01,trt005,2025-10-31,15:37:13,-07:00,2025-10-31T15:37:13-07:00,0,0
style.css,119,css,e63fee01,trt005,2025-10-31,15:37:13,-07:00,2025-10-31T15:37:13-07:00,0,0
style.css,120,css,e63fee01,trt005,2025-10-31,15:37:13,-07:00,2025-10-31T15:37:13-07:00,0,30
style.css,121,css,e63fee01,trt005,2025-10-31,15:37:13,-07:00,2025-10-31T15:37:13-07:00,2,13
style.css,122,css,e63fee01,trt005,2025-10-31,15:37:13,-07:00,2025-10-31T15:37:13-07:00,0,0
style.css,123,css,e63fee01,trt005,2025-10-31,15:37:13,-07:00,2025-10-31T15:37:13-07:00,0,0
style.css,124,css,8c3c18a0,trt005,2025-10-16,21:59:41,-07:00,2025-10-16T21:59:41-07:00,0,13
style.css,125,css,8c3c18a0,trt005,2025-10-16,21:59:41,-07:00,2025-10-16T21:59:41-07:00,2,17
style.css,126,css,8c3c18a0,trt005,2025-10-16,21:59:41,-07:00,2025-10-16T21:59:41-07:00,2,8
style.css,127,css,8c3c18a0,trt005,2025-10-16,21:59:41,-07:00,2025-10-16T21:59:41-07:00,2,10
style.css,128,css,8c3c18a0,trt005,2025-10-16,21:59:41,-07:00,2025-10-16T21:59:41-07:00,2,16
style.css,129,css,8c3c18a0,trt005,2025-10-16,21:59:41,-07:00,2025-10-16T21:59:41-07:00,2,19
style.css,130,css,8c3c18a0,trt005,2025-10-16,21:59:41,-07:00,2025-10-16T21:59:41-07:00,2,16
style.css,131,css,8c3c18a0,trt005,2025-10-16,21:59:41,-07:00,2025-10-16T21:59:41-07:00,0,0
style.css,132,css,8c3c18a0,trt005,2025-10-16,21:59:41,-07:00,2025-10-16T21:59:41-07:00,0,0
style.css,133,css,8c3c18a0,trt005,2025-10-16,21:59:41,-07:00,2025-10-16T21:59:41-07:00,0,20
style.css,134,css,8c3c18a0,trt005,2025-10-16,21:59:41,-07:00,2025-10-16T21:59:41-07:00,2,19
style.css,135,css,e63fee01,trt005,2025-10-31,15:37:13,-07:00,2025-10-31T15:37:13-07:00,2,14
style.css,136,css,8c3c18a0,trt005,2025-10-16,21:59:41,-07:00,2025-10-16T21:59:41-07:00,0,0
style.css,137,css,8c3c18a0,trt005,2025-10-16,21:59:41,-07:00,2025-10-16T21:59:41-07:00,0,0
style.css,138,css,131704f4,trt005,2025-09-30,18:49:13,-07:00,2025-09-30T18:49:13-07:00,0,4
style.css,139,css,131704f4,trt005,2025-09-30,18:49:13,-07:00,2025-09-30T18:49:13-07:00,2,23
style.css,140,css,374d730c,trt005,2025-10-09,14:53:55,-07:00,2025-10-09T14:53:55-07:00,2,15
style.css,141,css,374d730c,trt005,2025-10-09,14:53:55,-07:00,2025-10-09T14:53:55-07:00,2,18
style.css,142,css,afe92f38,trt005,2025-10-09,16:25:27,-07:00,2025-10-09T16:25:27-07:00,2,12
style.css,143,css,c484665b,trt005,2025-10-09,15:24:53,-07:00,2025-10-09T15:24:53-07:00,0,0
style.css,144,css,c484665b,trt005,2025-10-09,15:24:53,-07:00,2025-10-09T15:24:53-07:00,0,0
style.css,145,css,afe92f38,trt005,2025-10-09,16:25:27,-07:00,2025-10-09T16:25:27-07:00,0,14
style.css,146,css,c484665b,trt005,2025-10-09,15:24:53,-07:00,2025-10-09T15:24:53-07:00,2,16
style.css,147,css,c484665b,trt005,2025-10-09,15:24:53,-07:00,2025-10-09T15:24:53-07:00,0,0
style.css,148,css,c484665b,trt005,2025-10-09,15:24:53,-07:00,2025-10-09T15:24:53-07:00,0,0
style.css,149,css,c484665b,trt005,2025-10-09,15:24:53,-07:00,2025-10-09T15:24:53-07:00,0,3
style.css,150,css,8c3c18a0,trt005,2025-10-16,21:59:41,-07:00,2025-10-16T21:59:41-07:00,2,34
style.css,151,css,c484665b,trt005,2025-10-09,15:24:53,-07:00,2025-10-09T15:24:53-07:00,2,12
style.css,152,css,c484665b,trt005,2025-10-09,15:24:53,-07:00,2025-10-09T15:24:53-07:00,2,29
style.css,153,css,8c3c18a0,trt005,2025-10-16,21:59:41,-07:00,2025-10-16T21:59:41-07:00,2,43
style.css,154,css,c484665b,trt005,2025-10-09,15:24:53,-07:00,2025-10-09T15:24:53-07:00,2,19
style.css,155,css,4070e942,trt005,2025-10-30,20:58:32,-07:00,2025-10-30T20:58:32-07:00,2,26
style.css,156,css,4070e942,trt005,2025-10-30,20:58:32,-07:00,2025-10-30T20:58:32-07:00,2,27
style.css,157,css,c484665b,trt005,2025-10-09,15:24:53,-07:00,2025-10-09T15:24:53-07:00,0,0
style.css,158,css,c484665b,trt005,2025-10-09,15:24:53,-07:00,2025-10-09T15:24:53-07:00,0,0
style.css,159,css,c484665b,trt005,2025-10-09,15:24:53,-07:00,2025-10-09T15:24:53-07:00,0,5
style.css,160,css,c484665b,trt005,2025-10-09,15:24:53,-07:00,2025-10-09T15:24:53-07:00,2,6
style.css,161,css,c484665b,trt005,2025-10-09,15:24:53,-07:00,2025-10-09T15:24:53-07:00,2,17
style.css,162,css,c484665b,trt005,2025-10-09,15:24:53,-07:00,2025-10-09T15:24:53-07:00,2,20
style.css,163,css,c484665b,trt005,2025-10-09,15:24:53,-07:00,2025-10-09T15:24:53-07:00,2,13
style.css,164,css,c484665b,trt005,2025-10-09,15:24:53,-07:00,2025-10-09T15:24:53-07:00,2,13
style.css,165,css,4070e942,trt005,2025-10-30,20:58:32,-07:00,2025-10-30T20:58:32-07:00,2,26
style.css,166,css,4070e942,trt005,2025-10-30,20:58:32,-07:00,2025-10-30T20:58:32-07:00,2,27
style.css,167,css,8b4a6093,trt005,2025-10-30,21:04:27,-07:00,2025-10-30T21:04:27-07:00,2,15
style.css,168,css,8b4a6093,trt005,2025-10-30,21:04:27,-07:00,2025-10-30T21:04:27-07:00,2,42
style.css,169,css,6cee39b8,trt005,2025-10-09,16:00:11,-07:00,2025-10-09T16:00:11-07:00,0,0
style.css,170,css,6cee39b8,trt005,2025-10-09,16:00:11,-07:00,2025-10-09T16:00:11-07:00,0,0
style.css,171,css,6cee39b8,trt005,2025-10-09,16:00:11,-07:00,2025-10-09T16:00:11-07:00,0,11
style.css,172,css,d4e491ba,trt005,2025-10-30,20:36:18,-07:00,2025-10-30T20:36:18-07:00,1,45
style.css,173,css,d4e491ba,trt005,2025-10-30,20:36:18,-07:00,2025-10-30T20:36:18-07:00,1,69
style.css,174,css,afa96bfc,trt005,2025-10-30,20:47:20,-07:00,2025-10-30T20:47:20-07:00,1,26
style.css,175,css,afa96bfc,trt005,2025-10-30,20:47:20,-07:00,2025-10-30T20:47:20-07:00,1,27
style.css,176,css,6cee39b8,trt005,2025-10-09,16:00:11,-07:00,2025-10-09T16:00:11-07:00,0,0
style.css,177,css,6cee39b8,trt005,2025-10-09,16:00:11,-07:00,2025-10-09T16:00:11-07:00,0,0
style.css,178,css,6cee39b8,trt005,2025-10-09,16:00:11,-07:00,2025-10-09T16:00:11-07:00,0,13
style.css,179,css,8c3c18a0,trt005,2025-10-16,21:59:41,-07:00,2025-10-16T21:59:41-07:00,2,45
style.css,180,css,6cee39b8,trt005,2025-10-09,16:00:11,-07:00,2025-10-09T16:00:11-07:00,2,20
style.css,181,css,9607539f,trt005,2025-10-30,21:10:57,-07:00,2025-10-30T21:10:57-07:00,2,26
style.css,182,css,9607539f,trt005,2025-10-30,21:10:57,-07:00,2025-10-30T21:10:57-07:00,2,27
style.css,183,css,afe92f38,trt005,2025-10-09,16:25:27,-07:00,2025-10-09T16:25:27-07:00,0,0
style.css,184,css,afe92f38,trt005,2025-10-09,16:25:27,-07:00,2025-10-09T16:25:27-07:00,0,0
style.css,185,css,afe92f38,trt005,2025-10-09,16:25:27,-07:00,2025-10-09T16:25:27-07:00,0,23
style.css,186,css,afe92f38,trt005,2025-10-09,16:25:27,-07:00,2025-10-09T16:25:27-07:00,2,12
style.css,187,css,afe92f38,trt005,2025-10-09,16:25:27,-07:00,2025-10-09T16:25:27-07:00,0,0
style.css,188,css,afe92f38,trt005,2025-10-09,16:25:27,-07:00,2025-10-09T16:25:27-07:00,0,0
style.css,189,css,6619a09b,trt005,2025-10-31,15:45:06,-07:00,2025-10-31T15:45:06-07:00,0,6
style.css,190,css,6619a09b,trt005,2025-10-31,15:45:06,-07:00,2025-10-31T15:45:06-07:00,2,12
style.css,191,css,6619a09b,trt005,2025-10-31,15:45:06,-07:00,2025-10-31T15:45:06-07:00,2,22
style.css,192,css,6619a09b,trt005,2025-10-31,15:45:06,-07:00,2025-10-31T15:45:06-07:00,2,18
style.css,193,css,6619a09b,trt005,2025-10-31,15:45:06,-07:00,2025-10-31T15:45:06-07:00,0,0
style.css,194,css,6619a09b,trt005,2025-10-31,15:45:06,-07:00,2025-10-31T15:45:06-07:00,0,0
style.css,195,css,afe92f38,trt005,2025-10-09,16:25:27,-07:00,2025-10-09T16:25:27-07:00,0,4
style.css,196,css,afe92f38,trt005,2025-10-09,16:25:27,-07:00,2025-10-09T16:25:27-07:00,2,12
style.css,197,css,afe92f38,trt005,2025-10-09,16:25:27,-07:00,2025-10-09T16:25:27-07:00,2,30
style.css,198,css,afe92f38,trt005,2025-10-09,16:25:27,-07:00,2025-10-09T16:25:27-07:00,2,7
style.css,199,css,fe9bdf28,trt005,2025-10-09,16:41:59,-07:00,2025-10-09T16:41:59-07:00,2,12
style.css,200,css,afe92f38,trt005,2025-10-09,16:25:27,-07:00,2025-10-09T16:25:27-07:00,0,0
style.css,201,css,afe92f38,trt005,2025-10-09,16:25:27,-07:00,2025-10-09T16:25:27-07:00,0,0
style.css,202,css,afe92f38,trt005,2025-10-09,16:25:27,-07:00,2025-10-09T16:25:27-07:00,0,10
style.css,203,css,afe92f38,trt005,2025-10-09,16:25:27,-07:00,2025-10-09T16:25:27-07:00,2,12
style.css,204,css,afe92f38,trt005,2025-10-09,16:25:27,-07:00,2025-10-09T16:25:27-07:00,2,29
style.css,205,css,afe92f38,trt005,2025-10-09,16:25:27,-07:00,2025-10-09T16:25:27-07:00,2,18
style.css,206,css,abd2612a,trt005,2025-10-30,20:33:43,-07:00,2025-10-30T20:33:43-07:00,2,17
style.css,207,css,fe9bdf28,trt005,2025-10-09,16:41:59,-07:00,2025-10-09T16:41:59-07:00,2,9
style.css,208,css,afe92f38,trt005,2025-10-09,16:25:27,-07:00,2025-10-09T16:25:27-07:00,0,0
style.css,209,css,afe92f38,trt005,2025-10-09,16:25:27,-07:00,2025-10-09T16:25:27-07:00,0,0
style.css,210,css,afe92f38,trt005,2025-10-09,16:25:27,-07:00,2025-10-09T16:25:27-07:00,0,38
style.css,211,css,afe92f38,trt005,2025-10-09,16:25:27,-07:00,2025-10-09T16:25:27-07:00,2,10
style.css,212,css,afe92f38,trt005,2025-10-09,16:25:27,-07:00,2025-10-09T16:25:27-07:00,2,21
style.css,213,css,abd2612a,trt005,2025-10-30,20:33:43,-07:00,2025-10-30T20:33:43-07:00,2,17
style.css,214,css,b9451811,trt005,2025-10-09,16:30:32,-07:00,2025-10-09T16:30:32-07:00,0,0
style.css,215,css,b9451811,trt005,2025-10-09,16:30:32,-07:00,2025-10-09T16:30:32-07:00,0,0
style.css,216,css,b9451811,trt005,2025-10-09,16:30:32,-07:00,2025-10-09T16:30:32-07:00,0,17
style.css,217,css,abd2612a,trt005,2025-10-30,20:33:43,-07:00,2025-10-30T20:33:43-07:00,2,17
style.css,218,css,b9451811,trt005,2025-10-09,16:30:32,-07:00,2025-10-09T16:30:32-07:00,2,58
style.css,219,css,4070e942,trt005,2025-10-30,20:58:32,-07:00,2025-10-30T20:58:32-07:00,2,26
style.css,220,css,4070e942,trt005,2025-10-30,20:58:32,-07:00,2025-10-30T20:58:32-07:00,2,27
style.css,221,css,4d46aad4,trt005,2025-10-09,16:59:34,-07:00,2025-10-09T16:59:34-07:00,0,0
style.css,222,css,4d46aad4,trt005,2025-10-09,16:59:34,-07:00,2025-10-09T16:59:34-07:00,0,0
style.css,223,css,f0e6bebe,trt005,2025-10-31,00:40:07,-07:00,2025-10-31T00:40:07-07:00,0,3
style.css,224,css,f0e6bebe,trt005,2025-10-31,00:40:07,-07:00,2025-10-31T00:40:07-07:00,1,17
style.css,225,css,f0e6bebe,trt005,2025-10-31,00:40:07,-07:00,2025-10-31T00:40:07-07:00,0,0
style.css,226,css,f0e6bebe,trt005,2025-10-31,00:40:07,-07:00,2025-10-31T00:40:07-07:00,0,0
style.css,227,css,4d46aad4,trt005,2025-10-09,16:59:34,-07:00,2025-10-09T16:59:34-07:00,0,9
style.css,228,css,4d46aad4,trt005,2025-10-09,16:59:34,-07:00,2025-10-09T16:59:34-07:00,2,12
style.css,229,css,4d46aad4,trt005,2025-10-09,16:59:34,-07:00,2025-10-09T16:59:34-07:00,2,58
style.css,230,css,4d46aad4,trt005,2025-10-09,16:59:34,-07:00,2025-10-09T16:59:34-07:00,2,7
style.css,231,css,4d46aad4,trt005,2025-10-09,16:59:34,-07:00,2025-10-09T16:59:34-07:00,2,16
style.css,232,css,4d46aad4,trt005,2025-10-09,16:59:34,-07:00,2025-10-09T16:59:34-07:00,0,0
style.css,233,css,4d46aad4,trt005,2025-10-09,16:59:34,-07:00,2025-10-09T16:59:34-07:00,0,0
style.css,234,css,4d46aad4,trt005,2025-10-09,16:59:34,-07:00,2025-10-09T16:59:34-07:00,0,17
style.css,235,css,4d46aad4,trt005,2025-10-09,16:59:34,-07:00,2025-10-09T16:59:34-07:00,2,12
style.css,236,css,4d46aad4,trt005,2025-10-09,16:59:34,-07:00,2025-10-09T16:59:34-07:00,2,26
style.css,237,css,4d46aad4,trt005,2025-10-09,16:59:34,-07:00,2025-10-09T16:59:34-07:00,2,15
style.css,238,css,4d46aad4,trt005,2025-10-09,16:59:34,-07:00,2025-10-09T16:59:34-07:00,2,8
style.css,239,css,4d46aad4,trt005,2025-10-09,16:59:34,-07:00,2025-10-09T16:59:34-07:00,2,7
style.css,240,css,4d46aad4,trt005,2025-10-09,16:59:34,-07:00,2025-10-09T16:59:34-07:00,0,0
style.css,241,css,4d46aad4,trt005,2025-10-09,16:59:34,-07:00,2025-10-09T16:59:34-07:00,0,0
style.css,242,css,4d46aad4,trt005,2025-10-09,16:59:34,-07:00,2025-10-09T16:59:34-07:00,0,13
style.css,243,css,4d46aad4,trt005,2025-10-09,16:59:34,-07:00,2025-10-09T16:59:34-07:00,2,10
style.css,244,css,4d46aad4,trt005,2025-10-09,16:59:34,-07:00,2025-10-09T16:59:34-07:00,2,11
style.css,245,css,abd2612a,trt005,2025-10-30,20:33:43,-07:00,2025-10-30T20:33:43-07:00,2,17
style.css,246,css,4d46aad4,trt005,2025-10-09,16:59:34,-07:00,2025-10-09T16:59:34-07:00,0,0
style.css,247,css,4d46aad4,trt005,2025-10-09,16:59:34,-07:00,2025-10-09T16:59:34-07:00,0,0
style.css,248,css,4d46aad4,trt005,2025-10-09,16:59:34,-07:00,2025-10-09T16:59:34-07:00,0,11
style.css,249,css,4d46aad4,trt005,2025-10-09,16:59:34,-07:00,2025-10-09T16:59:34-07:00,2,8
style.css,250,css,4d46aad4,trt005,2025-10-09,16:59:34,-07:00,2025-10-09T16:59:34-07:00,2,15
style.css,251,css,4d46aad4,trt005,2025-10-09,16:59:34,-07:00,2025-10-09T16:59:34-07:00,0,0
style.css,252,css,4d46aad4,trt005,2025-10-09,16:59:34,-07:00,2025-10-09T16:59:34-07:00,0,0
style.css,253,css,4d46aad4,trt005,2025-10-09,16:59:34,-07:00,2025-10-09T16:59:34-07:00,0,22
style.css,254,css,4d46aad4,trt005,2025-10-09,16:59:34,-07:00,2025-10-09T16:59:34-07:00,2,15
style.css,255,css,4d46aad4,trt005,2025-10-09,16:59:34,-07:00,2025-10-09T16:59:34-07:00,2,17
style.css,256,css,e63fee01,trt005,2025-10-31,15:37:13,-07:00,2025-10-31T15:37:13-07:00,2,20
style.css,257,css,e63fee01,trt005,2025-10-31,15:37:13,-07:00,2025-10-31T15:37:13-07:00,2,65
style.css,258,css,e63fee01,trt005,2025-10-31,15:37:13,-07:00,2025-10-31T15:37:13-07:00,2,16
style.css,259,css,e63fee01,trt005,2025-10-31,15:37:13,-07:00,2025-10-31T15:37:13-07:00,2,20
style.css,260,css,e63fee01,trt005,2025-10-31,15:37:13,-07:00,2025-10-31T15:37:13-07:00,2,20
style.css,261,css,4d46aad4,trt005,2025-10-09,16:59:34,-07:00,2025-10-09T16:59:34-07:00,0,0
style.css,262,css,4d46aad4,trt005,2025-10-09,16:59:34,-07:00,2025-10-09T16:59:34-07:00,0,0
style.css,263,css,4d46aad4,trt005,2025-10-09,16:59:34,-07:00,2025-10-09T16:59:34-07:00,0,2
style.css,264,css,4d46aad4,trt005,2025-10-09,16:59:34,-07:00,2025-10-09T16:59:34-07:00,2,14
style.css,265,css,4d46aad4,trt005,2025-10-09,16:59:34,-07:00,2025-10-09T16:59:34-07:00,2,19
style.css,266,css,13f81a3d,Trinity,2025-10-24,01:17:03,-07:00,2025-10-24T01:17:03-07:00,0,0
style.css,267,css,13f81a3d,Trinity,2025-10-24,01:17:03,-07:00,2025-10-24T01:17:03-07:00,0,0
style.css,268,css,13f81a3d,Trinity,2025-10-24,01:17:03,-07:00,2025-10-24T01:17:03-07:00,0,17
style.css,269,css,13f81a3d,Trinity,2025-10-24,01:17:03,-07:00,2025-10-24T01:17:03-07:00,1,12
style.css,270,css,13f81a3d,Trinity,2025-10-24,01:17:03,-07:00,2025-10-24T01:17:03-07:00,1,37
style.css,271,css,13f81a3d,Trinity,2025-10-24,01:17:03,-07:00,2025-10-24T01:17:03-07:00,1,8
style.css,272,css,13f81a3d,Trinity,2025-10-24,01:17:03,-07:00,2025-10-24T01:17:03-07:00,0,0
style.css,273,css,13f81a3d,Trinity,2025-10-24,01:17:03,-07:00,2025-10-24T01:17:03-07:00,0,0
style.css,274,css,13f81a3d,Trinity,2025-10-24,01:17:03,-07:00,2025-10-24T01:17:03-07:00,0,17
style.css,275,css,13f81a3d,Trinity,2025-10-24,01:17:03,-07:00,2025-10-24T01:17:03-07:00,1,10
style.css,276,css,13f81a3d,Trinity,2025-10-24,01:17:03,-07:00,2025-10-24T01:17:03-07:00,1,16
style.css,277,css,13f81a3d,Trinity,2025-10-24,01:17:03,-07:00,2025-10-24T01:17:03-07:00,0,0
style.css,278,css,13f81a3d,Trinity,2025-10-24,01:17:03,-07:00,2025-10-24T01:17:03-07:00,0,0
style.css,279,css,13f81a3d,Trinity,2025-10-24,01:17:03,-07:00,2025-10-24T01:17:03-07:00,0,17
style.css,280,css,13f81a3d,Trinity,2025-10-24,01:17:03,-07:00,2025-10-24T01:17:03-07:00,1,10
style.css,281,css,13f81a3d,Trinity,2025-10-24,01:17:03,-07:00,2025-10-24T01:17:03-07:00,1,8
style.css,282,css,131704f4,trt005,2025-09-30,18:49:13,-07:00,2025-09-30T18:49:13-07:00,0,0
index.js,1,js,c4d9b451,Trinity,2025-10-24,01:20:51,-07:00,2025-10-24T01:20:51-07:00,0,70
index.js,2,js,018fcac8,Trinity,2025-10-23,23:59:04,-07:00,2025-10-23T23:59:04-07:00,0,0
index.js,3,js,018fcac8,Trinity,2025-10-23,23:59:04,-07:00,2025-10-23T23:59:04-07:00,0,54
index.js,4,js,018fcac8,Trinity,2025-10-23,23:59:04,-07:00,2025-10-23T23:59:04-07:00,0,0
index.js,5,js,13f81a3d,Trinity,2025-10-24,01:17:03,-07:00,2025-10-24T01:17:03-07:00,0,49
index.js,6,js,13f81a3d,Trinity,2025-10-24,01:17:03,-07:00,2025-10-24T01:17:03-07:00,0,0
index.js,7,js,13f81a3d,Trinity,2025-10-24,01:17:03,-07:00,2025-10-24T01:17:03-07:00,0,60
index.js,8,js,13f81a3d,Trinity,2025-10-24,01:17:03,-07:00,2025-10-24T01:17:03-07:00,0,0
index.js,9,js,13f81a3d,Trinity,2025-10-24,01:17:03,-07:00,2025-10-24T01:17:03-07:00,0,17
index.js,10,js,13f81a3d,Trinity,2025-10-24,01:17:03,-07:00,2025-10-24T01:17:03-07:00,2,24
index.js,11,js,13f81a3d,Trinity,2025-10-24,01:17:03,-07:00,2025-10-24T01:17:03-07:00,2,2
index.js,12,js,228f0ce2,Trinity,2025-10-24,13:57:20,-07:00,2025-10-24T13:57:20-07:00,4,49
index.js,13,js,228f0ce2,Trinity,2025-10-24,13:57:20,-07:00,2025-10-24T13:57:20-07:00,4,49
index.js,14,js,228f0ce2,Trinity,2025-10-24,13:57:20,-07:00,2025-10-24T13:57:20-07:00,4,55
index.js,15,js,228f0ce2,Trinity,2025-10-24,13:57:20,-07:00,2025-10-24T13:57:20-07:00,4,55
index.js,16,js,13f81a3d,Trinity,2025-10-24,01:17:03,-07:00,2025-10-24T01:17:03-07:00,2,3
index.js,17,js,13f81a3d,Trinity,2025-10-24,01:17:03,-07:00,2025-10-24T01:17:03-07:00,1,0
index.js,18,js,13f81a3d,Trinity,2025-10-24,01:17:03,-07:00,2025-10-24T01:17:03-07:00,0,0
index.js,19,js,13f81a3d,Trinity,2025-10-24,01:17:03,-07:00,2025-10-24T01:17:03-07:00,0,0
index.js,20,js,018fcac8,Trinity,2025-10-23,23:59:04,-07:00,2025-10-23T23:59:04-07:00,0,42
index.js,21,js,018fcac8,Trinity,2025-10-23,23:59:04,-07:00,2025-10-23T23:59:04-07:00,0,0
index.js,22,js,018fcac8,Trinity,2025-10-23,23:59:04,-07:00,2025-10-23T23:59:04-07:00,0,60
index.js,23,js,018fcac8,Trinity,2025-10-23,23:59:04,-07:00,2025-10-23T23:59:04-07:00,0,0
index.js,24,js,018fcac8,Trinity,2025-10-23,23:59:04,-07:00,2025-10-23T23:59:04-07:00,0,54
index.html,1,html,31c8f57d,trt005,2025-09-30,11:05:33,-07:00,2025-09-30T11:05:33-07:00,0,13
index.html,2,html,31c8f57d,trt005,2025-09-30,11:05:33,-07:00,2025-09-30T11:05:33-07:00,0,14
index.html,3,html,31c8f57d,trt005,2025-09-30,11:05:33,-07:00,2025-09-30T11:05:33-07:00,0,4
index.html,4,html,31c8f57d,trt005,2025-09-30,11:05:33,-07:00,2025-09-30T11:05:33-07:00,2,20
index.html,5,html,31c8f57d,trt005,2025-09-30,11:05:33,-07:00,2025-09-30T11:05:33-07:00,2,68
index.html,6,html,31c8f57d,trt005,2025-09-30,11:05:33,-07:00,2025-09-30T11:05:33-07:00,2,56
index.html,7,html,d0dbf461,trt005,2025-10-02,17:40:15,-07:00,2025-10-02T17:40:15-07:00,2,38
index.html,8,html,3ed0973b,trt005,2025-10-16,17:33:48,-07:00,2025-10-16T17:33:48-07:00,2,45
index.html,9,html,31c8f57d,trt005,2025-09-30,11:05:33,-07:00,2025-09-30T11:05:33-07:00,0,5
index.html,10,html,31c8f57d,trt005,2025-09-30,11:05:33,-07:00,2025-09-30T11:05:33-07:00,0,4
index.html,11,html,cd51dfb5,trt005,2025-09-30,11:12:14,-07:00,2025-09-30T11:12:14-07:00,2,23
index.html,12,html,131704f4,trt005,2025-09-30,18:49:13,-07:00,2025-09-30T18:49:13-07:00,2,57
index.html,13,html,131704f4,trt005,2025-09-30,18:49:13,-07:00,2025-09-30T18:49:13-07:00,4,16
index.html,14,html,131704f4,trt005,2025-09-30,18:49:13,-07:00,2025-09-30T18:49:13-07:00,4,11
index.html,15,html,131704f4,trt005,2025-09-30,18:49:13,-07:00,2025-09-30T18:49:13-07:00,2,2
index.html,16,html,6619a09b,trt005,2025-10-31,15:45:06,-07:00,2025-10-31T15:45:06-07:00,2,0
index.html,17,html,6619a09b,trt005,2025-10-31,15:45:06,-07:00,2025-10-31T15:45:06-07:00,2,17
index.html,18,html,5c6b1629,trt005,2025-09-30,19:36:39,-07:00,2025-09-30T19:36:39-07:00,2,72
index.html,19,html,6619a09b,trt005,2025-10-31,15:45:06,-07:00,2025-10-31T15:45:06-07:00,2,4
index.html,20,html,6619a09b,trt005,2025-10-31,15:45:06,-07:00,2025-10-31T15:45:06-07:00,0,0
index.html,21,html,13f81a3d,Trinity,2025-10-24,01:17:03,-07:00,2025-10-24T01:17:03-07:00,2,27
index.html,22,html,13f81a3d,Trinity,2025-10-24,01:17:03,-07:00,2025-10-24T01:17:03-07:00,2,22
index.html,23,html,13f81a3d,Trinity,2025-10-24,01:17:03,-07:00,2025-10-24T01:17:03-07:00,2,4
index.html,24,html,8d1fa55f,Trinity,2025-10-24,00:15:28,-07:00,2025-10-24T00:15:28-07:00,2,22
index.html,25,html,8d1fa55f,Trinity,2025-10-24,00:15:28,-07:00,2025-10-24T00:15:28-07:00,2,20
index.html,26,html,43615792,Trinity,2025-10-24,00:03:31,-07:00,2025-10-24T00:03:31-07:00,2,50
index.html,27,html,8d1fa55f,Trinity,2025-10-24,00:15:28,-07:00,2025-10-24T00:15:28-07:00,2,4
index.html,28,html,31c8f57d,trt005,2025-09-30,11:05:33,-07:00,2025-09-30T11:05:33-07:00,0,5
index.html,29,html,31c8f57d,trt005,2025-09-30,11:05:33,-07:00,2025-09-30T11:05:33-07:00,0,5
global.js,1,js,3ed0973b,trt005,2025-10-16,17:33:48,-07:00,2025-10-16T17:33:48-07:00,0,25
global.js,2,js,3ed0973b,trt005,2025-10-16,17:33:48,-07:00,2025-10-16T17:33:48-07:00,0,0
global.js,3,js,3ed0973b,trt005,2025-10-16,17:33:48,-07:00,2025-10-16T17:33:48-07:00,0,41
global.js,4,js,3ed0973b,trt005,2025-10-16,17:33:48,-07:00,2025-10-16T17:33:48-07:00,1,52
global.js,5,js,b82bd41a,trt005,2025-10-16,18:42:30,-07:00,2025-10-16T18:42:30-07:00,0,0
global.js,6,js,b82bd41a,trt005,2025-10-16,18:42:30,-07:00,2025-10-16T18:42:30-07:00,0,0
global.js,7,js,3f694c47,Trinity,2025-10-23,22:38:37,-07:00,2025-10-23T22:38:37-07:00,0,36
global.js,8,js,3f694c47,Trinity,2025-10-23,22:38:37,-07:00,2025-10-23T22:38:37-07:00,1,3
global.js,9,js,3f694c47,Trinity,2025-10-23,22:38:37,-07:00,2025-10-23T22:38:37-07:00,2,32
global.js,10,js,3f694c47,Trinity,2025-10-23,22:38:37,-07:00,2025-10-23T22:38:37-07:00,0,0
global.js,11,js,3f694c47,Trinity,2025-10-23,22:38:37,-07:00,2025-10-23T22:38:37-07:00,2,17
global.js,12,js,7309d92a,Trinity,2025-10-23,23:27:23,-07:00,2025-10-23T23:27:23-07:00,3,66
global.js,13,js,3f694c47,Trinity,2025-10-23,22:38:37,-07:00,2025-10-23T22:38:37-07:00,2,0
global.js,14,js,3f694c47,Trinity,2025-10-23,22:38:37,-07:00,2025-10-23T22:38:37-07:00,0,0
global.js,15,js,3f694c47,Trinity,2025-10-23,22:38:37,-07:00,2025-10-23T22:38:37-07:00,2,33
global.js,16,js,3f694c47,Trinity,2025-10-23,22:38:37,-07:00,2025-10-23T22:38:37-07:00,2,10
global.js,17,js,3f694c47,Trinity,2025-10-23,22:38:37,-07:00,2025-10-23T22:38:37-07:00,1,15
global.js,18,js,3f694c47,Trinity,2025-10-23,22:38:37,-07:00,2025-10-23T22:38:37-07:00,2,59
global.js,19,js,3f694c47,Trinity,2025-10-23,22:38:37,-07:00,2025-10-23T22:38:37-07:00,2,8
global.js,20,js,3f694c47,Trinity,2025-10-23,22:38:37,-07:00,2025-10-23T22:38:37-07:00,1,0
global.js,21,js,3f694c47,Trinity,2025-10-23,22:38:37,-07:00,2025-10-23T22:38:37-07:00,0,0
global.js,22,js,709268c8,trt005,2025-10-23,13:40:40,-07:00,2025-10-23T13:40:40-07:00,0,0
global.js,23,js,eb04465e,Trinity,2025-10-23,21:48:54,-07:00,2025-10-23T21:48:54-07:00,0,79
global.js,24,js,eb04465e,Trinity,2025-10-23,21:48:54,-07:00,2025-10-23T21:48:54-07:00,1,22
global.js,25,js,721f2ec4,Trinity,2025-10-23,22:56:02,-07:00,2025-10-23T22:56:02-07:00,2,41
global.js,26,js,721f2ec4,Trinity,2025-10-23,22:56:02,-07:00,2025-10-23T22:56:02-07:00,2,5
global.js,27,js,eb04465e,Trinity,2025-10-23,21:48:54,-07:00,2025-10-23T21:48:54-07:00,1,0
global.js,28,js,eb04465e,Trinity,2025-10-23,21:48:54,-07:00,2025-10-23T21:48:54-07:00,0,0
global.js,29,js,721f2ec4,Trinity,2025-10-23,22:56:02,-07:00,2025-10-23T22:56:02-07:00,1,30
global.js,30,js,eb04465e,Trinity,2025-10-23,21:48:54,-07:00,2025-10-23T21:48:54-07:00,0,0
global.js,31,js,721f2ec4,Trinity,2025-10-23,22:56:02,-07:00,2025-10-23T22:56:02-07:00,1,39
global.js,32,js,721f2ec4,Trinity,2025-10-23,22:56:02,-07:00,2025-10-23T22:56:02-07:00,2,60
global.js,33,js,721f2ec4,Trinity,2025-10-23,22:56:02,-07:00,2025-10-23T22:56:02-07:00,2,5
global.js,34,js,721f2ec4,Trinity,2025-10-23,22:56:02,-07:00,2025-10-23T22:56:02-07:00,1,0
global.js,35,js,721f2ec4,Trinity,2025-10-23,22:56:02,-07:00,2025-10-23T22:56:02-07:00,0,0
global.js,36,js,7309d92a,Trinity,2025-10-23,23:27:23,-07:00,2025-10-23T23:27:23-07:00,1,27
global.js,37,js,721f2ec4,Trinity,2025-10-23,22:56:02,-07:00,2025-10-23T22:56:02-07:00,2,48
global.js,38,js,eb04465e,Trinity,2025-10-23,21:48:54,-07:00,2025-10-23T21:48:54-07:00,0,0
global.js,39,js,721f2ec4,Trinity,2025-10-23,22:56:02,-07:00,2025-10-23T22:56:02-07:00,2,19
global.js,40,js,40623604,trt005,2025-10-30,13:02:56,-07:00,2025-10-30T13:02:56-07:00,3,49
global.js,41,js,40623604,trt005,2025-10-30,13:02:56,-07:00,2025-10-30T13:02:56-07:00,3,49
global.js,42,js,8e10218c,trt005,2025-10-30,13:55:29,-07:00,2025-10-30T13:55:29-07:00,3,3
global.js,43,js,eccb22c6,trt005,2025-10-30,13:10:43,-07:00,2025-10-30T13:10:43-07:00,4,27
global.js,44,js,eccb22c6,trt005,2025-10-30,13:10:43,-07:00,2025-10-30T13:10:43-07:00,4,20
global.js,45,js,eccb22c6,trt005,2025-10-30,13:10:43,-07:00,2025-10-30T13:10:43-07:00,3,4
global.js,46,js,721f2ec4,Trinity,2025-10-23,22:56:02,-07:00,2025-10-23T22:56:02-07:00,2,0
global.js,47,js,eb04465e,Trinity,2025-10-23,21:48:54,-07:00,2025-10-23T21:48:54-07:00,0,0
global.js,48,js,721f2ec4,Trinity,2025-10-23,22:56:02,-07:00,2025-10-23T22:56:02-07:00,2,36
global.js,49,js,721f2ec4,Trinity,2025-10-23,22:56:02,-07:00,2025-10-23T22:56:02-07:00,1,1
global.js,50,js,eb04465e,Trinity,2025-10-23,21:48:54,-07:00,2025-10-23T21:48:54-07:00,0,0
global.js,51,js,eb04465e,Trinity,2025-10-23,21:48:54,-07:00,2025-10-23T21:48:54-07:00,0,0
global.js,52,js,13f81a3d,Trinity,2025-10-24,01:17:03,-07:00,2025-10-24T01:17:03-07:00,0,47
global.js,53,js,13f81a3d,Trinity,2025-10-24,01:17:03,-07:00,2025-10-24T01:17:03-07:00,1,59
global.js,54,js,13f81a3d,Trinity,2025-10-24,01:17:03,-07:00,2025-10-24T01:17:03-07:00,0,0
global.js,55,js,13f81a3d,Trinity,2025-10-24,01:17:03,-07:00,2025-10-24T01:17:03-07:00,0,0
global.js,56,js,8c3c18a0,trt005,2025-10-16,21:59:41,-07:00,2025-10-16T21:59:41-07:00,0,28
global.js,57,js,b82bd41a,trt005,2025-10-16,18:42:30,-07:00,2025-10-16T18:42:30-07:00,0,0
global.js,58,js,8c3c18a0,trt005,2025-10-16,21:59:41,-07:00,2025-10-16T21:59:41-07:00,0,33
global.js,59,js,8c3c18a0,trt005,2025-10-16,21:59:41,-07:00,2025-10-16T21:59:41-07:00,0,72
global.js,60,js,8c3c18a0,trt005,2025-10-16,21:59:41,-07:00,2025-10-16T21:59:41-07:00,0,3
global.js,61,js,8c3c18a0,trt005,2025-10-16,21:59:41,-07:00,2025-10-16T21:59:41-07:00,0,0
global.js,62,js,8c3c18a0,trt005,2025-10-16,21:59:41,-07:00,2025-10-16T21:59:41-07:00,0,39
global.js,63,js,8c3c18a0,trt005,2025-10-16,21:59:41,-07:00,2025-10-16T21:59:41-07:00,0,0
global.js,64,js,8c3c18a0,trt005,2025-10-16,21:59:41,-07:00,2025-10-16T21:59:41-07:00,0,11
global.js,65,js,8c3c18a0,trt005,2025-10-16,21:59:41,-07:00,2025-10-16T21:59:41-07:00,2,25
global.js,66,js,5eec7176,trt005,2025-10-16,22:14:58,-07:00,2025-10-16T22:14:58-07:00,2,38
global.js,67,js,5eec7176,trt005,2025-10-16,22:14:58,-07:00,2025-10-16T22:14:58-07:00,2,34
global.js,68,js,5eec7176,trt005,2025-10-16,22:14:58,-07:00,2025-10-16T22:14:58-07:00,2,36
global.js,69,js,00000000,Not Committed Yet,2025-11-06,17:50:06,-08:00,2025-11-06T17:50:06-08:00,2,29
global.js,70,js,8c3c18a0,trt005,2025-10-16,21:59:41,-07:00,2025-10-16T21:59:41-07:00,2,49
global.js,71,js,8c3c18a0,trt005,2025-10-16,21:59:41,-07:00,2025-10-16T21:59:41-07:00,0,0
global.js,72,js,8c3c18a0,trt005,2025-10-16,21:59:41,-07:00,2025-10-16T21:59:41-07:00,0,0
global.js,73,js,8c3c18a0,trt005,2025-10-16,21:59:41,-07:00,2025-10-16T21:59:41-07:00,0,17
global.js,74,js,8c3c18a0,trt005,2025-10-16,21:59:41,-07:00,2025-10-16T21:59:41-07:00,2,34
global.js,75,js,8c3c18a0,trt005,2025-10-16,21:59:41,-07:00,2025-10-16T21:59:41-07:00,2,31
global.js,76,js,8c3c18a0,trt005,2025-10-16,21:59:41,-07:00,2025-10-16T21:59:41-07:00,0,0
global.js,77,js,8c3c18a0,trt005,2025-10-16,21:59:41,-07:00,2025-10-16T21:59:41-07:00,2,3
global.js,78,js,5eec7176,trt005,2025-10-16,22:14:58,-07:00,2025-10-16T22:14:58-07:00,2,14
global.js,79,js,8c3c18a0,trt005,2025-10-16,21:59:41,-07:00,2025-10-16T21:59:41-07:00,0,0
global.js,80,js,8c3c18a0,trt005,2025-10-16,21:59:41,-07:00,2025-10-16T21:59:41-07:00,0,38
global.js,81,js,8c3c18a0,trt005,2025-10-16,21:59:41,-07:00,2025-10-16T21:59:41-07:00,0,25
global.js,82,js,8c3c18a0,trt005,2025-10-16,21:59:41,-07:00,2025-10-16T21:59:41-07:00,0,0
global.js,83,js,8c3c18a0,trt005,2025-10-16,21:59:41,-07:00,2025-10-16T21:59:41-07:00,0,20
global.js,84,js,8c3c18a0,trt005,2025-10-16,21:59:41,-07:00,2025-10-16T21:59:41-07:00,2,14
global.js,85,js,8c3c18a0,trt005,2025-10-16,21:59:41,-07:00,2025-10-16T21:59:41-07:00,2,18
global.js,86,js,8c3c18a0,trt005,2025-10-16,21:59:41,-07:00,2025-10-16T21:59:41-07:00,0,0
global.js,87,js,8c3c18a0,trt005,2025-10-16,21:59:41,-07:00,2025-10-16T21:59:41-07:00,2,52
global.js,88,js,8c3c18a0,trt005,2025-10-16,21:59:41,-07:00,2025-10-16T21:59:41-07:00,0,0
global.js,89,js,8c3c18a0,trt005,2025-10-16,21:59:41,-07:00,2025-10-16T21:59:41-07:00,2,34
global.js,90,js,8c3c18a0,trt005,2025-10-16,21:59:41,-07:00,2025-10-16T21:59:41-07:00,2,11
global.js,91,js,8c3c18a0,trt005,2025-10-16,21:59:41,-07:00,2025-10-16T21:59:41-07:00,2,20
global.js,92,js,8c3c18a0,trt005,2025-10-16,21:59:41,-07:00,2025-10-16T21:59:41-07:00,2,0
global.js,93,js,8c3c18a0,trt005,2025-10-16,21:59:41,-07:00,2025-10-16T21:59:41-07:00,2,17
global.js,94,js,8c3c18a0,trt005,2025-10-16,21:59:41,-07:00,2025-10-16T21:59:41-07:00,4,8
global.js,95,js,8c3c18a0,trt005,2025-10-16,21:59:41,-07:00,2025-10-16T21:59:41-07:00,4,58
global.js,96,js,8c3c18a0,trt005,2025-10-16,21:59:41,-07:00,2025-10-16T21:59:41-07:00,2,0
global.js,97,js,8c3c18a0,trt005,2025-10-16,21:59:41,-07:00,2025-10-16T21:59:41-07:00,2,0
global.js,98,js,8c3c18a0,trt005,2025-10-16,21:59:41,-07:00,2025-10-16T21:59:41-07:00,2,29
global.js,99,js,8c3c18a0,trt005,2025-10-16,21:59:41,-07:00,2025-10-16T21:59:41-07:00,4,18
global.js,100,js,8c3c18a0,trt005,2025-10-16,21:59:41,-07:00,2025-10-16T21:59:41-07:00,2,0
global.js,101,js,8c3c18a0,trt005,2025-10-16,21:59:41,-07:00,2025-10-16T21:59:41-07:00,0,0
global.js,102,js,8c3c18a0,trt005,2025-10-16,21:59:41,-07:00,2025-10-16T21:59:41-07:00,2,12
global.js,103,js,8c3c18a0,trt005,2025-10-16,21:59:41,-07:00,2025-10-16T21:59:41-07:00,0,0
global.js,104,js,8c3c18a0,trt005,2025-10-16,21:59:41,-07:00,2025-10-16T21:59:41-07:00,0,0
global.js,105,js,8c3c18a0,trt005,2025-10-16,21:59:41,-07:00,2025-10-16T21:59:41-07:00,0,31
global.js,106,js,8c3c18a0,trt005,2025-10-16,21:59:41,-07:00,2025-10-16T21:59:41-07:00,1,11
global.js,107,js,8c3c18a0,trt005,2025-10-16,21:59:41,-07:00,2025-10-16T21:59:41-07:00,1,0
global.js,108,js,8c3c18a0,trt005,2025-10-16,21:59:41,-07:00,2025-10-16T21:59:41-07:00,1,26
global.js,109,js,8c3c18a0,trt005,2025-10-16,21:59:41,-07:00,2025-10-16T21:59:41-07:00,2,4
global.js,110,js,8c3c18a0,trt005,2025-10-16,21:59:41,-07:00,2025-10-16T21:59:41-07:00,2,6
global.js,111,js,8c3c18a0,trt005,2025-10-16,21:59:41,-07:00,2025-10-16T21:59:41-07:00,3,43
global.js,112,js,8c3c18a0,trt005,2025-10-16,21:59:41,-07:00,2025-10-16T21:59:41-07:00,3,34
global.js,113,js,8c3c18a0,trt005,2025-10-16,21:59:41,-07:00,2025-10-16T21:59:41-07:00,3,32
global.js,114,js,8c3c18a0,trt005,2025-10-16,21:59:41,-07:00,2025-10-16T21:59:41-07:00,2,7
global.js,115,js,8c3c18a0,trt005,2025-10-16,21:59:41,-07:00,2025-10-16T21:59:41-07:00,1,6
global.js,116,js,8c3c18a0,trt005,2025-10-16,21:59:41,-07:00,2025-10-16T21:59:41-07:00,1,0
global.js,117,js,b82bd41a,trt005,2025-10-16,18:42:30,-07:00,2025-10-16T18:42:30-07:00,0,0
global.js,118,js,b82bd41a,trt005,2025-10-16,18:42:30,-07:00,2025-10-16T18:42:30-07:00,0,0
global.js,119,js,8c3c18a0,trt005,2025-10-16,21:59:41,-07:00,2025-10-16T21:59:41-07:00,0,58
global.js,120,js,8c3c18a0,trt005,2025-10-16,21:59:41,-07:00,2025-10-16T21:59:41-07:00,0,0
global.js,121,js,8c3c18a0,trt005,2025-10-16,21:59:41,-07:00,2025-10-16T21:59:41-07:00,0,36
global.js,122,js,8c3c18a0,trt005,2025-10-16,21:59:41,-07:00,2025-10-16T21:59:41-07:00,2,70
global.js,123,js,8c3c18a0,trt005,2025-10-16,21:59:41,-07:00,2025-10-16T21:59:41-07:00,2,37
global.js,124,js,8c3c18a0,trt005,2025-10-16,21:59:41,-07:00,2025-10-16T21:59:41-07:00,2,25
global.js,125,js,8c3c18a0,trt005,2025-10-16,21:59:41,-07:00,2025-10-16T21:59:41-07:00,0,0
global.js,126,js,8c3c18a0,trt005,2025-10-16,21:59:41,-07:00,2025-10-16T21:59:41-07:00,0,0
global.js,127,js,8c3c18a0,trt005,2025-10-16,21:59:41,-07:00,2025-10-16T21:59:41-07:00,0,34
global.js,128,js,8c3c18a0,trt005,2025-10-16,21:59:41,-07:00,2025-10-16T21:59:41-07:00,2,39
global.js,129,js,8c3c18a0,trt005,2025-10-16,21:59:41,-07:00,2025-10-16T21:59:41-07:00,0,0
global.js,130,js,8c3c18a0,trt005,2025-10-16,21:59:41,-07:00,2025-10-16T21:59:41-07:00,0,0
global.js,131,js,8c3c18a0,trt005,2025-10-16,21:59:41,-07:00,2025-10-16T21:59:41-07:00,0,43
global.js,132,js,8c3c18a0,trt005,2025-10-16,21:59:41,-07:00,2025-10-16T21:59:41-07:00,2,57
global.js,133,js,8c3c18a0,trt005,2025-10-16,21:59:41,-07:00,2025-10-16T21:59:41-07:00,2,33
global.js,134,js,8c3c18a0,trt005,2025-10-16,21:59:41,-07:00,2025-10-16T21:59:41-07:00,0,1
resume/index.html,1,html,5410fa9a,trt005,2025-10-02,17:50:41,-07:00,2025-10-02T17:50:41-07:00,0,13
resume/index.html,2,html,5410fa9a,trt005,2025-10-02,17:50:41,-07:00,2025-10-02T17:50:41-07:00,0,14
resume/index.html,3,html,5410fa9a,trt005,2025-10-02,17:50:41,-07:00,2025-10-02T17:50:41-07:00,0,4
resume/index.html,4,html,5410fa9a,trt005,2025-10-02,17:50:41,-07:00,2025-10-02T17:50:41-07:00,2,20
resume/index.html,5,html,5410fa9a,trt005,2025-10-02,17:50:41,-07:00,2025-10-02T17:50:41-07:00,2,68
resume/index.html,6,html,5410fa9a,trt005,2025-10-02,17:50:41,-07:00,2025-10-02T17:50:41-07:00,2,19
resume/index.html,7,html,26a45f3b,trt005,2025-10-09,15:45:56,-07:00,2025-10-09T15:45:56-07:00,2,41
resume/index.html,8,html,3ed0973b,trt005,2025-10-16,17:33:48,-07:00,2025-10-16T17:33:48-07:00,2,48
resume/index.html,9,html,5410fa9a,trt005,2025-10-02,17:50:41,-07:00,2025-10-02T17:50:41-07:00,0,5
resume/index.html,10,html,5410fa9a,trt005,2025-10-02,17:50:41,-07:00,2025-10-02T17:50:41-07:00,0,4
resume/index.html,11,html,5410fa9a,trt005,2025-10-02,17:50:41,-07:00,2025-10-02T17:50:41-07:00,2,17
resume/index.html,12,html,12bbfa90,trt005,2025-10-02,18:18:22,-07:00,2025-10-02T18:18:22-07:00,2,7
resume/index.html,13,html,12bbfa90,trt005,2025-10-02,18:18:22,-07:00,2025-10-02T18:18:22-07:00,4,6
resume/index.html,14,html,12bbfa90,trt005,2025-10-02,18:18:22,-07:00,2025-10-02T18:18:22-07:00,6,17
resume/index.html,15,html,12bbfa90,trt005,2025-10-02,18:18:22,-07:00,2025-10-02T18:18:22-07:00,4,7
resume/index.html,16,html,12bbfa90,trt005,2025-10-02,18:18:22,-07:00,2025-10-02T18:18:22-07:00,4,7
resume/index.html,17,html,12bbfa90,trt005,2025-10-02,18:18:22,-07:00,2025-10-02T18:18:22-07:00,6,17
resume/index.html,18,html,e63fee01,trt005,2025-10-31,15:37:13,-07:00,2025-10-31T15:37:13-07:00,6,3
resume/index.html,19,html,12bbfa90,trt005,2025-10-02,18:18:22,-07:00,2025-10-02T18:18:22-07:00,6,44
resume/index.html,20,html,12bbfa90,trt005,2025-10-02,18:18:22,-07:00,2025-10-02T18:18:22-07:00,7,39
resume/index.html,21,html,12bbfa90,trt005,2025-10-02,18:18:22,-07:00,2025-10-02T18:18:22-07:00,6,2
resume/index.html,22,html,12bbfa90,trt005,2025-10-02,18:18:22,-07:00,2025-10-02T18:18:22-07:00,6,2
resume/index.html,23,html,12bbfa90,trt005,2025-10-02,18:18:22,-07:00,2025-10-02T18:18:22-07:00,8,2
resume/index.html,24,html,12bbfa90,trt005,2025-10-02,18:18:22,-07:00,2025-10-02T18:18:22-07:00,10,57
resume/index.html,25,html,12bbfa90,trt005,2025-10-02,18:18:22,-07:00,2025-10-02T18:18:22-07:00,10,50
resume/index.html,26,html,12bbfa90,trt005,2025-10-02,18:18:22,-07:00,2025-10-02T18:18:22-07:00,8,3
resume/index.html,27,html,12bbfa90,trt005,2025-10-02,18:18:22,-07:00,2025-10-02T18:18:22-07:00,8,2
resume/index.html,28,html,12bbfa90,trt005,2025-10-02,18:18:22,-07:00,2025-10-02T18:18:22-07:00,10,55
resume/index.html,29,html,12bbfa90,trt005,2025-10-02,18:18:22,-07:00,2025-10-02T18:18:22-07:00,10,54
resume/index.html,30,html,12bbfa90,trt005,2025-10-02,18:18:22,-07:00,2025-10-02T18:18:22-07:00,8,3
resume/index.html,31,html,12bbfa90,trt005,2025-10-02,18:18:22,-07:00,2025-10-02T18:18:22-07:00,8,2
resume/index.html,32,html,12bbfa90,trt005,2025-10-02,18:18:22,-07:00,2025-10-02T18:18:22-07:00,10,47
resume/index.html,33,html,12bbfa90,trt005,2025-10-02,18:18:22,-07:00,2025-10-02T18:18:22-07:00,10,53
resume/index.html,34,html,12bbfa90,trt005,2025-10-02,18:18:22,-07:00,2025-10-02T18:18:22-07:00,10,39
resume/index.html,35,html,12bbfa90,trt005,2025-10-02,18:18:22,-07:00,2025-10-02T18:18:22-07:00,8,3
resume/index.html,36,html,12bbfa90,trt005,2025-10-02,18:18:22,-07:00,2025-10-02T18:18:22-07:00,6,3
resume/index.html,37,html,e63fee01,trt005,2025-10-31,15:37:13,-07:00,2025-10-31T15:37:13-07:00,6,4
resume/index.html,38,html,12bbfa90,trt005,2025-10-02,18:18:22,-07:00,2025-10-02T18:18:22-07:00,4,8
resume/index.html,39,html,12bbfa90,trt005,2025-10-02,18:18:22,-07:00,2025-10-02T18:18:22-07:00,4,7
resume/index.html,40,html,12bbfa90,trt005,2025-10-02,18:18:22,-07:00,2025-10-02T18:18:22-07:00,6,41
resume/index.html,41,html,12bbfa90,trt005,2025-10-02,18:18:22,-07:00,2025-10-02T18:18:22-07:00,6,46
resume/index.html,42,html,12bbfa90,trt005,2025-10-02,18:18:22,-07:00,2025-10-02T18:18:22-07:00,7,36
resume/index.html,43,html,12bbfa90,trt005,2025-10-02,18:18:22,-07:00,2025-10-02T18:18:22-07:00,6,2
resume/index.html,44,html,12bbfa90,trt005,2025-10-02,18:18:22,-07:00,2025-10-02T18:18:22-07:00,6,2
resume/index.html,45,html,12bbfa90,trt005,2025-10-02,18:18:22,-07:00,2025-10-02T18:18:22-07:00,8,2
resume/index.html,46,html,12bbfa90,trt005,2025-10-02,18:18:22,-07:00,2025-10-02T18:18:22-07:00,10,45
resume/index.html,47,html,12bbfa90,trt005,2025-10-02,18:18:22,-07:00,2025-10-02T18:18:22-07:00,10,48
resume/index.html,48,html,12bbfa90,trt005,2025-10-02,18:18:22,-07:00,2025-10-02T18:18:22-07:00,8,3
resume/index.html,49,html,12bbfa90,trt005,2025-10-02,18:18:22,-07:00,2025-10-02T18:18:22-07:00,8,2
resume/index.html,50,html,12bbfa90,trt005,2025-10-02,18:18:22,-07:00,2025-10-02T18:18:22-07:00,10,52
resume/index.html,51,html,12bbfa90,trt005,2025-10-02,18:18:22,-07:00,2025-10-02T18:18:22-07:00,10,12
resume/index.html,52,html,12bbfa90,trt005,2025-10-02,18:18:22,-07:00,2025-10-02T18:18:22-07:00,8,3
resume/index.html,53,html,12bbfa90,trt005,2025-10-02,18:18:22,-07:00,2025-10-02T18:18:22-07:00,8,2
resume/index.html,54,html,12bbfa90,trt005,2025-10-02,18:18:22,-07:00,2025-10-02T18:18:22-07:00,10,55
resume/index.html,55,html,12bbfa90,trt005,2025-10-02,18:18:22,-07:00,2025-10-02T18:18:22-07:00,10,10
resume/index.html,56,html,12bbfa90,trt005,2025-10-02,18:18:22,-07:00,2025-10-02T18:18:22-07:00,8,3
resume/index.html,57,html,12bbfa90,trt005,2025-10-02,18:18:22,-07:00,2025-10-02T18:18:22-07:00,8,2
resume/index.html,58,html,12bbfa90,trt005,2025-10-02,18:18:22,-07:00,2025-10-02T18:18:22-07:00,10,54
resume/index.html,59,html,12bbfa90,trt005,2025-10-02,18:18:22,-07:00,2025-10-02T18:18:22-07:00,10,28
resume/index.html,60,html,12bbfa90,trt005,2025-10-02,18:18:22,-07:00,2025-10-02T18:18:22-07:00,8,3
resume/index.html,61,html,12bbfa90,trt005,2025-10-02,18:18:22,-07:00,2025-10-02T18:18:22-07:00,6,3
resume/index.html,62,html,12bbfa90,trt005,2025-10-02,18:18:22,-07:00,2025-10-02T18:18:22-07:00,4,8
resume/index.html,63,html,12bbfa90,trt005,2025-10-02,18:18:22,-07:00,2025-10-02T18:18:22-07:00,2,8
resume/index.html,64,html,12bbfa90,trt005,2025-10-02,18:18:22,-07:00,2025-10-02T18:18:22-07:00,2,7
resume/index.html,65,html,12bbfa90,trt005,2025-10-02,18:18:22,-07:00,2025-10-02T18:18:22-07:00,4,16
resume/index.html,66,html,12bbfa90,trt005,2025-10-02,18:18:22,-07:00,2025-10-02T18:18:22-07:00,4,7
resume/index.html,67,html,12bbfa90,trt005,2025-10-02,18:18:22,-07:00,2025-10-02T18:18:22-07:00,6,41
resume/index.html,68,html,12bbfa90,trt005,2025-10-02,18:18:22,-07:00,2025-10-02T18:18:22-07:00,6,18
resume/index.html,69,html,12bbfa90,trt005,2025-10-02,18:18:22,-07:00,2025-10-02T18:18:22-07:00,6,48
resume/index.html,70,html,12bbfa90,trt005,2025-10-02,18:18:22,-07:00,2025-10-02T18:18:22-07:00,6,53
resume/index.html,71,html,12bbfa90,trt005,2025-10-02,18:18:22,-07:00,2025-10-02T18:18:22-07:00,6,46
resume/index.html,72,html,12bbfa90,trt005,2025-10-02,18:18:22,-07:00,2025-10-02T18:18:22-07:00,6,2
resume/index.html,73,html,12bbfa90,trt005,2025-10-02,18:18:22,-07:00,2025-10-02T18:18:22-07:00,6,2
resume/index.html,74,html,12bbfa90,trt005,2025-10-02,18:18:22,-07:00,2025-10-02T18:18:22-07:00,8,60
resume/index.html,75,html,12bbfa90,trt005,2025-10-02,18:18:22,-07:00,2025-10-02T18:18:22-07:00,10,54
resume/index.html,76,html,12bbfa90,trt005,2025-10-02,18:18:22,-07:00,2025-10-02T18:18:22-07:00,10,54
resume/index.html,77,html,12bbfa90,trt005,2025-10-02,18:18:22,-07:00,2025-10-02T18:18:22-07:00,10,45
resume/index.html,78,html,12bbfa90,trt005,2025-10-02,18:18:22,-07:00,2025-10-02T18:18:22-07:00,10,54
resume/index.html,79,html,12bbfa90,trt005,2025-10-02,18:18:22,-07:00,2025-10-02T18:18:22-07:00,10,55
resume/index.html,80,html,12bbfa90,trt005,2025-10-02,18:18:22,-07:00,2025-10-02T18:18:22-07:00,10,13
resume/index.html,81,html,12bbfa90,trt005,2025-10-02,18:18:22,-07:00,2025-10-02T18:18:22-07:00,8,3
resume/index.html,82,html,12bbfa90,trt005,2025-10-02,18:18:22,-07:00,2025-10-02T18:18:22-07:00,6,3
resume/index.html,83,html,12bbfa90,trt005,2025-10-02,18:18:22,-07:00,2025-10-02T18:18:22-07:00,4,8
resume/index.html,84,html,12bbfa90,trt005,2025-10-02,18:18:22,-07:00,2025-10-02T18:18:22-07:00,2,8
resume/index.html,85,html,29ccc0fd,trt005,2025-10-02,19:11:43,-07:00,2025-10-02T19:11:43-07:00,2,7
resume/index.html,86,html,29ccc0fd,trt005,2025-10-02,19:11:43,-07:00,2025-10-02T19:11:43-07:00,4,15
resume/index.html,87,html,29ccc0fd,trt005,2025-10-02,19:11:43,-07:00,2025-10-02T19:11:43-07:00,4,7
resume/index.html,88,html,29ccc0fd,trt005,2025-10-02,19:11:43,-07:00,2025-10-02T19:11:43-07:00,6,33
resume/index.html,89,html,29ccc0fd,trt005,2025-10-02,19:11:43,-07:00,2025-10-02T19:11:43-07:00,6,32
resume/index.html,90,html,29ccc0fd,trt005,2025-10-02,19:11:43,-07:00,2025-10-02T19:11:43-07:00,6,2
resume/index.html,91,html,29ccc0fd,trt005,2025-10-02,19:11:43,-07:00,2025-10-02T19:11:43-07:00,8,57
resume/index.html,92,html,29ccc0fd,trt005,2025-10-02,19:11:43,-07:00,2025-10-02T19:11:43-07:00,10,13
resume/index.html,93,html,29ccc0fd,trt005,2025-10-02,19:11:43,-07:00,2025-10-02T19:11:43-07:00,8,3
resume/index.html,94,html,29ccc0fd,trt005,2025-10-02,19:11:43,-07:00,2025-10-02T19:11:43-07:00,8,39
resume/index.html,95,html,29ccc0fd,trt005,2025-10-02,19:11:43,-07:00,2025-10-02T19:11:43-07:00,8,3
resume/index.html,96,html,29ccc0fd,trt005,2025-10-02,19:11:43,-07:00,2025-10-02T19:11:43-07:00,8,39
resume/index.html,97,html,29ccc0fd,trt005,2025-10-02,19:11:43,-07:00,2025-10-02T19:11:43-07:00,8,3
resume/index.html,98,html,29ccc0fd,trt005,2025-10-02,19:11:43,-07:00,2025-10-02T19:11:43-07:00,6,3
resume/index.html,99,html,29ccc0fd,trt005,2025-10-02,19:11:43,-07:00,2025-10-02T19:11:43-07:00,4,8
resume/index.html,100,html,29ccc0fd,trt005,2025-10-02,19:11:43,-07:00,2025-10-02T19:11:43-07:00,4,7
resume/index.html,101,html,29ccc0fd,trt005,2025-10-02,19:11:43,-07:00,2025-10-02T19:11:43-07:00,6,32
resume/index.html,102,html,29ccc0fd,trt005,2025-10-02,19:11:43,-07:00,2025-10-02T19:11:43-07:00,6,66
resume/index.html,103,html,29ccc0fd,trt005,2025-10-02,19:11:43,-07:00,2025-10-02T19:11:43-07:00,6,2
resume/index.html,104,html,29ccc0fd,trt005,2025-10-02,19:11:43,-07:00,2025-10-02T19:11:43-07:00,8,59
resume/index.html,105,html,29ccc0fd,trt005,2025-10-02,19:11:43,-07:00,2025-10-02T19:11:43-07:00,10,52
resume/index.html,106,html,29ccc0fd,trt005,2025-10-02,19:11:43,-07:00,2025-10-02T19:11:43-07:00,10,46
resume/index.html,107,html,29ccc0fd,trt005,2025-10-02,19:11:43,-07:00,2025-10-02T19:11:43-07:00,8,3
resume/index.html,108,html,29ccc0fd,trt005,2025-10-02,19:11:43,-07:00,2025-10-02T19:11:43-07:00,8,59
resume/index.html,109,html,29ccc0fd,trt005,2025-10-02,19:11:43,-07:00,2025-10-02T19:11:43-07:00,10,53
resume/index.html,110,html,29ccc0fd,trt005,2025-10-02,19:11:43,-07:00,2025-10-02T19:11:43-07:00,10,13
resume/index.html,111,html,29ccc0fd,trt005,2025-10-02,19:11:43,-07:00,2025-10-02T19:11:43-07:00,8,3
resume/index.html,112,html,29ccc0fd,trt005,2025-10-02,19:11:43,-07:00,2025-10-02T19:11:43-07:00,8,57
resume/index.html,113,html,29ccc0fd,trt005,2025-10-02,19:11:43,-07:00,2025-10-02T19:11:43-07:00,8,3
resume/index.html,114,html,29ccc0fd,trt005,2025-10-02,19:11:43,-07:00,2025-10-02T19:11:43-07:00,8,57
resume/index.html,115,html,29ccc0fd,trt005,2025-10-02,19:11:43,-07:00,2025-10-02T19:11:43-07:00,10,56
resume/index.html,116,html,29ccc0fd,trt005,2025-10-02,19:11:43,-07:00,2025-10-02T19:11:43-07:00,10,21
resume/index.html,117,html,29ccc0fd,trt005,2025-10-02,19:11:43,-07:00,2025-10-02T19:11:43-07:00,8,3
resume/index.html,118,html,29ccc0fd,trt005,2025-10-02,19:11:43,-07:00,2025-10-02T19:11:43-07:00,8,53
resume/index.html,119,html,29ccc0fd,trt005,2025-10-02,19:11:43,-07:00,2025-10-02T19:11:43-07:00,10,52
resume/index.html,120,html,29ccc0fd,trt005,2025-10-02,19:11:43,-07:00,2025-10-02T19:11:43-07:00,10,38
resume/index.html,121,html,29ccc0fd,trt005,2025-10-02,19:11:43,-07:00,2025-10-02T19:11:43-07:00,8,3
resume/index.html,122,html,29ccc0fd,trt005,2025-10-02,19:11:43,-07:00,2025-10-02T19:11:43-07:00,6,3
resume/index.html,123,html,29ccc0fd,trt005,2025-10-02,19:11:43,-07:00,2025-10-02T19:11:43-07:00,4,8
resume/index.html,124,html,29ccc0fd,trt005,2025-10-02,19:11:43,-07:00,2025-10-02T19:11:43-07:00,4,7
resume/index.html,125,html,29ccc0fd,trt005,2025-10-02,19:11:43,-07:00,2025-10-02T19:11:43-07:00,6,33
resume/index.html,126,html,29ccc0fd,trt005,2025-10-02,19:11:43,-07:00,2025-10-02T19:11:43-07:00,6,32
resume/index.html,127,html,29ccc0fd,trt005,2025-10-02,19:11:43,-07:00,2025-10-02T19:11:43-07:00,6,39
resume/index.html,128,html,29ccc0fd,trt005,2025-10-02,19:11:43,-07:00,2025-10-02T19:11:43-07:00,6,27
resume/index.html,129,html,29ccc0fd,trt005,2025-10-02,19:11:43,-07:00,2025-10-02T19:11:43-07:00,4,8
resume/index.html,130,html,29ccc0fd,trt005,2025-10-02,19:11:43,-07:00,2025-10-02T19:11:43-07:00,2,8
resume/index.html,131,html,5410fa9a,trt005,2025-10-02,17:50:41,-07:00,2025-10-02T17:50:41-07:00,0,5
resume/index.html,132,html,5410fa9a,trt005,2025-10-02,17:50:41,-07:00,2025-10-02T17:50:41-07:00,0,5
projects/projects.js,1,js,721f2ec4,Trinity,2025-10-23,22:56:02,-07:00,2025-10-23T22:56:02-07:00,0,55
projects/projects.js,2,js,eb04465e,Trinity,2025-10-23,21:48:54,-07:00,2025-10-23T21:48:54-07:00,0,0
projects/projects.js,3,js,656b0014,trt005,2025-10-30,14:59:00,-07:00,2025-10-30T14:59:00-07:00,0,63
projects/projects.js,4,js,656b0014,trt005,2025-10-30,14:59:00,-07:00,2025-10-30T14:59:00-07:00,0,0
projects/projects.js,5,js,c939afbd,trt005,2025-10-30,21:33:42,-07:00,2025-10-30T21:33:42-07:00,0,55
projects/projects.js,6,js,c939afbd,trt005,2025-10-30,21:33:42,-07:00,2025-10-30T21:33:42-07:00,0,0
projects/projects.js,7,js,c939afbd,trt005,2025-10-30,21:33:42,-07:00,2025-10-30T21:33:42-07:00,0,62
projects/projects.js,8,js,c939afbd,trt005,2025-10-30,21:33:42,-07:00,2025-10-30T21:33:42-07:00,0,56
projects/projects.js,9,js,c939afbd,trt005,2025-10-30,21:33:42,-07:00,2025-10-30T21:33:42-07:00,0,0
projects/projects.js,10,js,c939afbd,trt005,2025-10-30,21:33:42,-07:00,2025-10-30T21:33:42-07:00,0,60
projects/projects.js,11,js,c939afbd,trt005,2025-10-30,21:33:42,-07:00,2025-10-30T21:33:42-07:00,0,0
projects/projects.js,12,js,c939afbd,trt005,2025-10-30,21:33:42,-07:00,2025-10-30T21:33:42-07:00,0,48
projects/projects.js,13,js,c939afbd,trt005,2025-10-30,21:33:42,-07:00,2025-10-30T21:33:42-07:00,0,0
projects/projects.js,14,js,656b0014,trt005,2025-10-30,14:59:00,-07:00,2025-10-30T14:59:00-07:00,0,57
projects/projects.js,15,js,9cd7b474,trt005,2025-10-31,14:42:52,-07:00,2025-10-31T14:42:52-07:00,0,21
projects/projects.js,16,js,9cd7b474,trt005,2025-10-31,14:42:52,-07:00,2025-10-31T14:42:52-07:00,0,13
projects/projects.js,17,js,656b0014,trt005,2025-10-30,14:59:00,-07:00,2025-10-30T14:59:00-07:00,0,0
projects/projects.js,18,js,09c05f8f,trt005,2025-10-30,22:38:34,-07:00,2025-10-30T22:38:34-07:00,0,38
projects/projects.js,19,js,09c05f8f,trt005,2025-10-30,22:38:34,-07:00,2025-10-30T22:38:34-07:00,0,0
projects/projects.js,20,js,09c05f8f,trt005,2025-10-30,22:38:34,-07:00,2025-10-30T22:38:34-07:00,1,43
projects/projects.js,21,js,09c05f8f,trt005,2025-10-30,22:38:34,-07:00,2025-10-30T22:38:34-07:00,1,32
projects/projects.js,22,js,09c05f8f,trt005,2025-10-30,22:38:34,-07:00,2025-10-30T22:38:34-07:00,1,44
projects/projects.js,23,js,09c05f8f,trt005,2025-10-30,22:38:34,-07:00,2025-10-30T22:38:34-07:00,0,0
projects/projects.js,24,js,09c05f8f,trt005,2025-10-30,22:38:34,-07:00,2025-10-30T22:38:34-07:00,1,29
projects/projects.js,25,js,9cd7b474,trt005,2025-10-31,14:42:52,-07:00,2025-10-31T14:42:52-07:00,2,7
projects/projects.js,26,js,09c05f8f,trt005,2025-10-30,22:38:34,-07:00,2025-10-30T22:38:34-07:00,2,14
projects/projects.js,27,js,09c05f8f,trt005,2025-10-30,22:38:34,-07:00,2025-10-30T22:38:34-07:00,2,12
projects/projects.js,28,js,09c05f8f,trt005,2025-10-30,22:38:34,-07:00,2025-10-30T22:38:34-07:00,1,0
projects/projects.js,29,js,09c05f8f,trt005,2025-10-30,22:38:34,-07:00,2025-10-30T22:38:34-07:00,0,0
projects/projects.js,30,js,09c05f8f,trt005,2025-10-30,22:38:34,-07:00,2025-10-30T22:38:34-07:00,1,51
projects/projects.js,31,js,09c05f8f,trt005,2025-10-30,22:38:34,-07:00,2025-10-30T22:38:34-07:00,2,11
projects/projects.js,32,js,09c05f8f,trt005,2025-10-30,22:38:34,-07:00,2025-10-30T22:38:34-07:00,2,9
projects/projects.js,33,js,09c05f8f,trt005,2025-10-30,22:38:34,-07:00,2025-10-30T22:38:34-07:00,1,2
projects/projects.js,34,js,09c05f8f,trt005,2025-10-30,22:38:34,-07:00,2025-10-30T22:38:34-07:00,0,0
projects/projects.js,35,js,09c05f8f,trt005,2025-10-30,22:38:34,-07:00,2025-10-30T22:38:34-07:00,1,53
projects/projects.js,36,js,09c05f8f,trt005,2025-10-30,22:38:34,-07:00,2025-10-30T22:38:34-07:00,1,42
projects/projects.js,37,js,09c05f8f,trt005,2025-10-30,22:38:34,-07:00,2025-10-30T22:38:34-07:00,1,51
projects/projects.js,38,js,09c05f8f,trt005,2025-10-30,22:38:34,-07:00,2025-10-30T22:38:34-07:00,0,0
projects/projects.js,39,js,09c05f8f,trt005,2025-10-30,22:38:34,-07:00,2025-10-30T22:38:34-07:00,1,47
projects/projects.js,40,js,09c05f8f,trt005,2025-10-30,22:38:34,-07:00,2025-10-30T22:38:34-07:00,0,0
projects/projects.js,41,js,09c05f8f,trt005,2025-10-30,22:38:34,-07:00,2025-10-30T22:38:34-07:00,1,29
projects/projects.js,42,js,49ebad63,trt005,2025-10-31,01:03:54,-07:00,2025-10-31T01:03:54-07:00,2,19
projects/projects.js,43,js,49ebad63,trt005,2025-10-31,01:03:54,-07:00,2025-10-31T01:03:54-07:00,3,13
projects/projects.js,44,js,d6eb7a74,trt005,2025-10-31,01:47:04,-07:00,2025-10-31T01:47:04-07:00,3,24
projects/projects.js,45,js,9cd7b474,trt005,2025-10-31,14:42:52,-07:00,2025-10-31T14:42:52-07:00,3,53
projects/projects.js,46,js,d6eb7a74,trt005,2025-10-31,01:47:04,-07:00,2025-10-31T01:47:04-07:00,3,18
projects/projects.js,47,js,9cd7b474,trt005,2025-10-31,14:42:52,-07:00,2025-10-31T14:42:52-07:00,3,47
projects/projects.js,48,js,9cd7b474,trt005,2025-10-31,14:42:52,-07:00,2025-10-31T14:42:52-07:00,3,0
projects/projects.js,49,js,9cd7b474,trt005,2025-10-31,14:42:52,-07:00,2025-10-31T14:42:52-07:00,3,22
projects/projects.js,50,js,9cd7b474,trt005,2025-10-31,14:42:52,-07:00,2025-10-31T14:42:52-07:00,4,66
projects/projects.js,51,js,9cd7b474,trt005,2025-10-31,14:42:52,-07:00,2025-10-31T14:42:52-07:00,0,0
projects/projects.js,52,js,9cd7b474,trt005,2025-10-31,14:42:52,-07:00,2025-10-31T14:42:52-07:00,3,18
projects/projects.js,53,js,9cd7b474,trt005,2025-10-31,14:42:52,-07:00,2025-10-31T14:42:52-07:00,4,14
projects/projects.js,54,js,9cd7b474,trt005,2025-10-31,14:42:52,-07:00,2025-10-31T14:42:52-07:00,4,66
projects/projects.js,55,js,9cd7b474,trt005,2025-10-31,14:42:52,-07:00,2025-10-31T14:42:52-07:00,4,0
projects/projects.js,56,js,9cd7b474,trt005,2025-10-31,14:42:52,-07:00,2025-10-31T14:42:52-07:00,3,30
projects/projects.js,57,js,9cd7b474,trt005,2025-10-31,14:42:52,-07:00,2025-10-31T14:42:52-07:00,0,0
projects/projects.js,58,js,9cd7b474,trt005,2025-10-31,14:42:52,-07:00,2025-10-31T14:42:52-07:00,3,10
projects/projects.js,59,js,9cd7b474,trt005,2025-10-31,14:42:52,-07:00,2025-10-31T14:42:52-07:00,4,55
projects/projects.js,60,js,9cd7b474,trt005,2025-10-31,14:42:52,-07:00,2025-10-31T14:42:52-07:00,6,58
projects/projects.js,61,js,9cd7b474,trt005,2025-10-31,14:42:52,-07:00,2025-10-31T14:42:52-07:00,6,42
projects/projects.js,62,js,9cd7b474,trt005,2025-10-31,14:42:52,-07:00,2025-10-31T14:42:52-07:00,4,1
projects/projects.js,63,js,9cd7b474,trt005,2025-10-31,14:42:52,-07:00,2025-10-31T14:42:52-07:00,3,0
projects/projects.js,64,js,9cd7b474,trt005,2025-10-31,14:42:52,-07:00,2025-10-31T14:42:52-07:00,0,0
projects/projects.js,65,js,9cd7b474,trt005,2025-10-31,14:42:52,-07:00,2025-10-31T14:42:52-07:00,3,25
projects/projects.js,66,js,9cd7b474,trt005,2025-10-31,14:42:52,-07:00,2025-10-31T14:42:52-07:00,4,46
projects/projects.js,67,js,9cd7b474,trt005,2025-10-31,14:42:52,-07:00,2025-10-31T14:42:52-07:00,4,71
projects/projects.js,68,js,9cd7b474,trt005,2025-10-31,14:42:52,-07:00,2025-10-31T14:42:52-07:00,3,0
projects/projects.js,69,js,9cd7b474,trt005,2025-10-31,14:42:52,-07:00,2025-10-31T14:42:52-07:00,0,0
projects/projects.js,70,js,9cd7b474,trt005,2025-10-31,14:42:52,-07:00,2025-10-31T14:42:52-07:00,2,65
projects/projects.js,71,js,9cd7b474,trt005,2025-10-31,14:42:52,-07:00,2025-10-31T14:42:52-07:00,0,0
projects/projects.js,72,js,9cd7b474,trt005,2025-10-31,14:42:52,-07:00,2025-10-31T14:42:52-07:00,2,56
projects/projects.js,73,js,d6eb7a74,trt005,2025-10-31,01:47:04,-07:00,2025-10-31T01:47:04-07:00,2,1
projects/projects.js,74,js,49ebad63,trt005,2025-10-31,01:03:54,-07:00,2025-10-31T01:03:54-07:00,1,1
projects/projects.js,75,js,09c05f8f,trt005,2025-10-30,22:38:34,-07:00,2025-10-30T22:38:34-07:00,0,0
projects/projects.js,76,js,d6eb7a74,trt005,2025-10-31,01:47:04,-07:00,2025-10-31T01:47:04-07:00,0,0
projects/projects.js,77,js,09c05f8f,trt005,2025-10-30,22:38:34,-07:00,2025-10-30T22:38:34-07:00,1,32
projects/projects.js,78,js,09c05f8f,trt005,2025-10-30,22:38:34,-07:00,2025-10-30T22:38:34-07:00,1,27
projects/projects.js,79,js,09c05f8f,trt005,2025-10-30,22:38:34,-07:00,2025-10-30T22:38:34-07:00,2,4
projects/projects.js,80,js,09c05f8f,trt005,2025-10-30,22:38:34,-07:00,2025-10-30T22:38:34-07:00,3,11
projects/projects.js,81,js,09c05f8f,trt005,2025-10-30,22:38:34,-07:00,2025-10-30T22:38:34-07:00,3,38
projects/projects.js,82,js,d6eb7a74,trt005,2025-10-31,01:47:04,-07:00,2025-10-31T01:47:04-07:00,3,68
projects/projects.js,83,js,09c05f8f,trt005,2025-10-30,22:38:34,-07:00,2025-10-30T22:38:34-07:00,1,1
projects/projects.js,84,js,09c05f8f,trt005,2025-10-30,22:38:34,-07:00,2025-10-30T22:38:34-07:00,0,0
projects/projects.js,85,js,09c05f8f,trt005,2025-10-30,22:38:34,-07:00,2025-10-30T22:38:34-07:00,0,0
projects/projects.js,86,js,09c05f8f,trt005,2025-10-30,22:38:34,-07:00,2025-10-30T22:38:34-07:00,0,23
projects/projects.js,87,js,09c05f8f,trt005,2025-10-30,22:38:34,-07:00,2025-10-30T22:38:34-07:00,0,0
projects/projects.js,88,js,09c05f8f,trt005,2025-10-30,22:38:34,-07:00,2025-10-30T22:38:34-07:00,0,53
projects/projects.js,89,js,ca7f697c,trt005,2025-10-30,22:51:50,-07:00,2025-10-30T22:51:50-07:00,0,48
projects/projects.js,90,js,9cd7b474,trt005,2025-10-31,14:42:52,-07:00,2025-10-31T14:42:52-07:00,0,32
projects/projects.js,91,js,09c05f8f,trt005,2025-10-30,22:38:34,-07:00,2025-10-30T22:38:34-07:00,0,0
projects/projects.js,92,js,9cd7b474,trt005,2025-10-31,14:42:52,-07:00,2025-10-31T14:42:52-07:00,2,51
projects/projects.js,93,js,09c05f8f,trt005,2025-10-30,22:38:34,-07:00,2025-10-30T22:38:34-07:00,2,58
projects/projects.js,94,js,09c05f8f,trt005,2025-10-30,22:38:34,-07:00,2025-10-30T22:38:34-07:00,2,42
projects/projects.js,95,js,9cd7b474,trt005,2025-10-31,14:42:52,-07:00,2025-10-31T14:42:52-07:00,2,1
projects/projects.js,96,js,09c05f8f,trt005,2025-10-30,22:38:34,-07:00,2025-10-30T22:38:34-07:00,0,0
projects/projects.js,97,js,09c05f8f,trt005,2025-10-30,22:38:34,-07:00,2025-10-30T22:38:34-07:00,1,64
projects/projects.js,98,js,09c05f8f,trt005,2025-10-30,22:38:34,-07:00,2025-10-30T22:38:34-07:00,0,0
projects/projects.js,99,js,09c05f8f,trt005,2025-10-30,22:38:34,-07:00,2025-10-30T22:38:34-07:00,1,56
projects/projects.js,100,js,09c05f8f,trt005,2025-10-30,22:38:34,-07:00,2025-10-30T22:38:34-07:00,0,0
projects/projects.js,101,js,09c05f8f,trt005,2025-10-30,22:38:34,-07:00,2025-10-30T22:38:34-07:00,1,31
projects/projects.js,102,js,d6eb7a74,trt005,2025-10-31,01:47:04,-07:00,2025-10-31T01:47:04-07:00,0,1
projects/index.html,1,html,131704f4,trt005,2025-09-30,18:49:13,-07:00,2025-09-30T18:49:13-07:00,0,13
projects/index.html,2,html,131704f4,trt005,2025-09-30,18:49:13,-07:00,2025-09-30T18:49:13-07:00,0,14
projects/index.html,3,html,131704f4,trt005,2025-09-30,18:49:13,-07:00,2025-09-30T18:49:13-07:00,0,4
projects/index.html,4,html,131704f4,trt005,2025-09-30,18:49:13,-07:00,2025-09-30T18:49:13-07:00,2,20
projects/index.html,5,html,131704f4,trt005,2025-09-30,18:49:13,-07:00,2025-09-30T18:49:13-07:00,2,68
projects/index.html,6,html,131704f4,trt005,2025-09-30,18:49:13,-07:00,2025-09-30T18:49:13-07:00,2,21
projects/index.html,7,html,26a45f3b,trt005,2025-10-09,15:45:56,-07:00,2025-10-09T15:45:56-07:00,2,41
projects/index.html,8,html,3ed0973b,trt005,2025-10-16,17:33:48,-07:00,2025-10-16T17:33:48-07:00,2,48
projects/index.html,9,html,131704f4,trt005,2025-09-30,18:49:13,-07:00,2025-09-30T18:49:13-07:00,0,5
projects/index.html,10,html,131704f4,trt005,2025-09-30,18:49:13,-07:00,2025-09-30T18:49:13-07:00,0,4
projects/index.html,11,html,8531621b,Trinity,2025-10-24,00:40:06,-07:00,2025-10-24T00:40:06-07:00,2,27
projects/index.html,12,html,131704f4,trt005,2025-09-30,18:49:13,-07:00,2025-09-30T18:49:13-07:00,4,6
projects/index.html,13,html,131704f4,trt005,2025-09-30,18:49:13,-07:00,2025-09-30T18:49:13-07:00,2,3
projects/index.html,14,html,656b0014,trt005,2025-10-30,14:59:00,-07:00,2025-10-30T14:59:00-07:00,0,0
projects/index.html,15,html,2a1d1b9b,trt005,2025-10-30,19:02:55,-07:00,2025-10-30T19:02:55-07:00,2,23
projects/index.html,16,html,f8f97b55,trt005,2025-10-30,14:13:07,-07:00,2025-10-30T14:13:07-07:00,2,52
projects/index.html,17,html,656b0014,trt005,2025-10-30,14:59:00,-07:00,2025-10-30T14:59:00-07:00,0,0
projects/index.html,18,html,f8f97b55,trt005,2025-10-30,14:13:07,-07:00,2025-10-30T14:13:07-07:00,2,4
projects/index.html,19,html,f8f97b55,trt005,2025-10-30,14:13:07,-07:00,2025-10-30T14:13:07-07:00,0,0
projects/index.html,20,html,0716b0a9,trt005,2025-10-30,15:52:41,-07:00,2025-10-30T15:52:41-07:00,2,22
projects/index.html,21,html,09c05f8f,trt005,2025-10-30,22:38:34,-07:00,2025-10-30T22:38:34-07:00,0,0
projects/index.html,22,html,2a1d1b9b,trt005,2025-10-30,19:02:55,-07:00,2025-10-30T19:02:55-07:00,2,4
projects/index.html,23,html,0716b0a9,trt005,2025-10-30,15:52:41,-07:00,2025-10-30T15:52:41-07:00,0,0
projects/index.html,24,html,09c05f8f,trt005,2025-10-30,22:38:34,-07:00,2025-10-30T22:38:34-07:00,2,4
projects/index.html,25,html,09c05f8f,trt005,2025-10-30,22:38:34,-07:00,2025-10-30T22:38:34-07:00,2,15
projects/index.html,26,html,09c05f8f,trt005,2025-10-30,22:38:34,-07:00,2025-10-30T22:38:34-07:00,2,11
projects/index.html,27,html,09c05f8f,trt005,2025-10-30,22:38:34,-07:00,2025-10-30T22:38:34-07:00,2,26
projects/index.html,28,html,0712a992,trt005,2025-10-30,22:57:24,-07:00,2025-10-30T22:57:24-07:00,2,28
projects/index.html,29,html,09c05f8f,trt005,2025-10-30,22:38:34,-07:00,2025-10-30T22:38:34-07:00,2,0
projects/index.html,30,html,09c05f8f,trt005,2025-10-30,22:38:34,-07:00,2025-10-30T22:38:34-07:00,0,0
projects/index.html,31,html,721f2ec4,Trinity,2025-10-23,22:56:02,-07:00,2025-10-23T22:56:02-07:00,2,26
projects/index.html,32,html,eb04465e,Trinity,2025-10-23,21:48:54,-07:00,2025-10-23T21:48:54-07:00,2,50
projects/index.html,33,html,eb04465e,Trinity,2025-10-23,21:48:54,-07:00,2025-10-23T21:48:54-07:00,2,49
projects/index.html,34,html,131704f4,trt005,2025-09-30,18:49:13,-07:00,2025-09-30T18:49:13-07:00,0,5
projects/index.html,35,html,131704f4,trt005,2025-09-30,18:49:13,-07:00,2025-09-30T18:49:13-07:00,0,5
contact/index.html,1,html,131704f4,trt005,2025-09-30,18:49:13,-07:00,2025-09-30T18:49:13-07:00,0,13
contact/index.html,2,html,131704f4,trt005,2025-09-30,18:49:13,-07:00,2025-09-30T18:49:13-07:00,0,14
contact/index.html,3,html,131704f4,trt005,2025-09-30,18:49:13,-07:00,2025-09-30T18:49:13-07:00,0,4
contact/index.html,4,html,131704f4,trt005,2025-09-30,18:49:13,-07:00,2025-09-30T18:49:13-07:00,2,20
contact/index.html,5,html,131704f4,trt005,2025-09-30,18:49:13,-07:00,2025-09-30T18:49:13-07:00,2,68
contact/index.html,6,html,131704f4,trt005,2025-09-30,18:49:13,-07:00,2025-09-30T18:49:13-07:00,2,20
contact/index.html,7,html,26a45f3b,trt005,2025-10-09,15:45:56,-07:00,2025-10-09T15:45:56-07:00,2,41
contact/index.html,8,html,3ed0973b,trt005,2025-10-16,17:33:48,-07:00,2025-10-16T17:33:48-07:00,2,48
contact/index.html,9,html,131704f4,trt005,2025-09-30,18:49:13,-07:00,2025-09-30T18:49:13-07:00,0,5
contact/index.html,10,html,131704f4,trt005,2025-09-30,18:49:13,-07:00,2025-09-30T18:49:13-07:00,0,4
contact/index.html,11,html,131704f4,trt005,2025-09-30,18:49:13,-07:00,2025-09-30T18:49:13-07:00,2,2
contact/index.html,12,html,131704f4,trt005,2025-09-30,18:49:13,-07:00,2025-09-30T18:49:13-07:00,4,9
contact/index.html,13,html,131704f4,trt005,2025-09-30,18:49:13,-07:00,2025-09-30T18:49:13-07:00,2,3
contact/index.html,14,html,131704f4,trt005,2025-09-30,18:49:13,-07:00,2025-09-30T18:49:13-07:00,2,39
contact/index.html,15,html,131704f4,trt005,2025-09-30,18:49:13,-07:00,2025-09-30T18:49:13-07:00,5,11
contact/index.html,16,html,131704f4,trt005,2025-09-30,18:49:13,-07:00,2025-09-30T18:49:13-07:00,5,19
contact/index.html,17,html,131704f4,trt005,2025-09-30,18:49:13,-07:00,2025-09-30T18:49:13-07:00,4,5
contact/index.html,18,html,131704f4,trt005,2025-09-30,18:49:13,-07:00,2025-09-30T18:49:13-07:00,6,9
contact/index.html,19,html,131704f4,trt005,2025-09-30,18:49:13,-07:00,2025-09-30T18:49:13-07:00,6,40
contact/index.html,20,html,131704f4,trt005,2025-09-30,18:49:13,-07:00,2025-09-30T18:49:13-07:00,4,6
contact/index.html,21,html,131704f4,trt005,2025-09-30,18:49:13,-07:00,2025-09-30T18:49:13-07:00,4,6
contact/index.html,22,html,131704f4,trt005,2025-09-30,18:49:13,-07:00,2025-09-30T18:49:13-07:00,0,0
contact/index.html,23,html,131704f4,trt005,2025-09-30,18:49:13,-07:00,2025-09-30T18:49:13-07:00,4,5
contact/index.html,24,html,131704f4,trt005,2025-09-30,18:49:13,-07:00,2025-09-30T18:49:13-07:00,6,6
contact/index.html,25,html,131704f4,trt005,2025-09-30,18:49:13,-07:00,2025-09-30T18:49:13-07:00,6,29
contact/index.html,26,html,131704f4,trt005,2025-09-30,18:49:13,-07:00,2025-09-30T18:49:13-07:00,4,6
contact/index.html,27,html,131704f4,trt005,2025-09-30,18:49:13,-07:00,2025-09-30T18:49:13-07:00,4,6
contact/index.html,28,html,131704f4,trt005,2025-09-30,18:49:13,-07:00,2025-09-30T18:49:13-07:00,0,0
contact/index.html,29,html,131704f4,trt005,2025-09-30,18:49:13,-07:00,2025-09-30T18:49:13-07:00,4,5
contact/index.html,30,html,131704f4,trt005,2025-09-30,18:49:13,-07:00,2025-09-30T18:49:13-07:00,6,6
contact/index.html,31,html,131704f4,trt005,2025-09-30,18:49:13,-07:00,2025-09-30T18:49:13-07:00,6,59
contact/index.html,32,html,131704f4,trt005,2025-09-30,18:49:13,-07:00,2025-09-30T18:49:13-07:00,4,6
contact/index.html,33,html,131704f4,trt005,2025-09-30,18:49:13,-07:00,2025-09-30T18:49:13-07:00,4,6
contact/index.html,34,html,131704f4,trt005,2025-09-30,18:49:13,-07:00,2025-09-30T18:49:13-07:00,0,0
contact/index.html,35,html,131704f4,trt005,2025-09-30,18:49:13,-07:00,2025-09-30T18:49:13-07:00,4,19
contact/index.html,36,html,131704f4,trt005,2025-09-30,18:49:13,-07:00,2025-09-30T18:49:13-07:00,2,5
contact/index.html,37,html,4d63c659,trt005,2025-10-09,16:02:02,-07:00,2025-10-09T16:02:02-07:00,2,0
contact/index.html,38,html,131704f4,trt005,2025-09-30,18:49:13,-07:00,2025-09-30T18:49:13-07:00,0,5
contact/index.html,39,html,131704f4,trt005,2025-09-30,18:49:13,-07:00,2025-09-30T18:49:13-07:00,0,5
